user_sender,user_receiver,isLike,Timestamp_date,Timestamp_time
boflannery1c,mknollesgreen2f,0,2020/05/04,2:52:42
uyurchishin1b,pgot2n,0,2020/05/15,15:23:09
gsquibe20,mhakeworth3,0,2020/05/23,21:40:34
cbouda12,dhearnshaw2l,1,2020/05/22,2:34:31
kmcgettigan1x,lpariss2c,0,2020/05/05,5:04:09
aminet1j,gclemendotn,1,2020/05/03,10:31:19
gclemendotn,acrehan25,1,2020/05/23,14:36:04
jmullenger2d,vruprecht17,1,2020/05/08,19:05:54
wcreevyq,jpettkov,0,2020/05/07,13:32:07
fmurfin2j,lfullom2m,1,2020/05/19,12:16:51
aminet1j,sgolsonc,0,2020/05/08,13:26:30
mknollesgreen2f,mstoile2e,1,2020/05/09,12:17:24
wfrounks1f,nwraggs5,1,2020/05/04,15:31:02
stroutbeckm,wbessettp,1,2020/05/18,20:29:50
mpolamontayne1n,sspyby1l,1,2020/05/10,22:21:19
boflannery1c,hstainerx,1,2020/05/07,14:29:26
acrehan25,jjurgensen1,0,2020/05/22,17:28:53
nwraggs5,dblamphin1h,0,2020/05/09,20:51:19
pelsegood2r,pgot2n,0,2020/05/21,15:42:00
snusche4,mknollesgreen2f,1,2020/05/10,8:50:11
bslatford1q,gbaulch2,1,2020/05/12,18:29:47
gclemendotn,evicker18,1,2020/05/19,1:19:48
hstainerx,dpeart1t,1,2020/05/05,1:16:14
kmcgettigan1x,jjurgensen1,0,2020/05/11,12:00:56
bgarthside2k,fsiemon8,1,2020/05/01,5:38:53
eoxenbury1z,kbolsover19,0,2020/05/14,1:38:28
blinwoode,mnorthleighi,0,2020/05/13,5:19:29
acrehan25,agreenroydz,1,2020/05/22,12:49:30
hfranckton1w,hgolly13,1,2020/05/09,2:28:07
bgoter2p,mknollesgreen2f,0,2020/05/21,1:28:46
acrehan25,srobertacci28,1,2020/05/15,13:36:49
wfrounks1f,nwraggs5,0,2020/05/12,16:58:19
stroutbeckm,kbabington1u,1,2020/05/01,19:56:02
wbessettp,hgolly13,1,2020/05/23,18:35:42
sgolsonc,hstainerx,0,2020/05/11,7:38:54
boflannery1c,kbaffin1s,1,2020/05/03,15:47:19
stroutbeckm,jgallandref,1,2020/05/17,6:40:25
uyurchishin1b,pelsegood2r,0,2020/05/15,0:24:43
itantum2g,kbabington1u,1,2020/05/15,4:54:58
gsquibe20,fshade2i,1,2020/05/17,4:58:58
ztosdevint,itantum2g,0,2020/05/06,23:51:52
kjemmett27,kbabington1u,1,2020/05/16,14:23:46
nwraggs5,jpunterh,0,2020/05/05,18:58:09
aallbutb,jgallandref,1,2020/05/03,16:44:56
mbullcock1d,bslatford1q,0,2020/05/04,15:42:15
gbaulch2,ozambonini7,0,2020/05/08,20:49:19
sleyshon26,kjemmett27,1,2020/05/05,12:33:15
bslatford1q,fsiemon8,1,2020/05/04,21:55:13
hgolly13,sspyby1l,1,2020/05/02,21:40:32
cdigle21,agreenroydz,1,2020/05/20,11:49:31
sfreke22,acrehan25,0,2020/05/14,15:46:16
jgallandref,kbolsover19,0,2020/05/21,20:01:40
mrustedge1e,cbartoszek1m,0,2020/05/21,17:34:11
mstoile2e,scripps2a,1,2020/05/10,6:59:49
oguiver16,dblamphin1h,0,2020/05/08,2:19:32
gpomery1p,rpretsel11,1,2020/05/22,6:52:41
agreenroydz,snusche4,0,2020/05/15,15:13:35
hgolly13,ttolcherg,1,2020/05/08,10:42:23
gbaulch2,aminet1j,1,2020/05/21,11:31:34
smccaughan29,zburnet2q,1,2020/05/20,1:04:27
bgarthside2k,boflannery1c,1,2020/05/06,23:02:35
gclemendotn,dcapoun1k,0,2020/05/06,22:55:50
bgoter2p,bgoter2p,0,2020/05/18,23:02:13
scripps2a,cdigle21,1,2020/05/21,19:22:45
wcreevyq,kpagelsenw,0,2020/05/22,3:10:59
blinwoode,dschelleo,1,2020/05/14,7:16:10
aminet1j,dschelleo,0,2020/05/07,22:52:35
shalwards,ttolcherg,0,2020/05/17,12:21:39
kbabington1u,rflindalll,1,2020/05/20,22:38:40
blinwoode,jjurgensen1,1,2020/05/23,9:41:42
bgarthside2k,gsquibe20,1,2020/05/21,4:43:32
itantum2g,dcapoun1k,1,2020/05/16,23:43:52
nmckeevers14,svasyutochkinj,0,2020/05/19,17:55:23
crosborough1r,shalwards,0,2020/05/08,15:09:01
pelsegood2r,jgallandref,0,2020/05/08,15:57:09
ntotherr,jgallandref,0,2020/05/16,19:39:24
hfranckton1w,sspyby1l,0,2020/05/01,16:37:42
fshade2i,blinwoode,0,2020/05/01,11:35:44
jjurgensen1,cduckinfield1i,0,2020/05/13,19:05:56
mstoile2e,kmcgettigan1x,1,2020/05/10,23:58:38
uyurchishin1b,bgarthside2k,0,2020/05/17,3:54:27
kjemmett27,agreenroydz,0,2020/05/23,0:05:16
wfrounks1f,brainer23,0,2020/05/11,13:38:51
gdesborough1o,mbullcock1d,1,2020/05/04,13:39:22
sspyby1l,mmallows15,0,2020/05/16,7:53:27
dblamphin1h,hallicock2o,1,2020/05/03,19:52:14
mrustedge1e,ekingswoode24,1,2020/05/02,8:10:11
wcarlan2b,hallicock2o,1,2020/05/04,7:54:35
jjurgensen1,uyurchishin1b,1,2020/05/18,0:29:38
fmurfin2j,wblamey2h,0,2020/05/17,6:21:22
sspyby1l,hgolly13,1,2020/05/03,14:41:15
brainer23,oguiver16,0,2020/05/13,3:42:08
jjurgensen1,kbolsover19,0,2020/05/05,14:55:00
cbouda12,mstyle1a,0,2020/05/17,14:49:23
vruprecht17,gsquibe20,1,2020/05/15,18:31:24
dschelleo,cduckinfield1i,0,2020/05/09,8:15:07
sgolsonc,snusche4,1,2020/05/21,1:55:48
oguiver16,mnorthleighi,1,2020/05/17,20:39:38
gbaulch2,kbabington1u,1,2020/05/22,13:37:33
fshade2i,gclemendotn,1,2020/05/11,7:08:22
fshoard1y,boflannery1c,1,2020/05/07,23:25:27
mnorthleighi,kbaffin1s,0,2020/05/16,3:22:52
stroutbeckm,wfrounks1f,1,2020/05/03,19:06:23
mhakeworth3,kpagelsenw,0,2020/05/08,4:41:55
wcarlan2b,mpolamontayne1n,0,2020/05/18,21:45:09
sleyshon26,mhakeworth3,0,2020/05/18,1:31:48
sfreke22,ekingswoode24,1,2020/05/04,10:26:21
fmurfin2j,stroutbeckm,1,2020/05/15,4:47:55
hallicock2o,dcapoun1k,1,2020/05/11,22:31:12
ttolcherg,bhunday1g,1,2020/05/11,16:07:15
nwraggs5,mmallows15,1,2020/05/22,11:25:55
snusche4,mstyle1a,0,2020/05/20,23:13:26
mbullcock1d,wcreevyq,1,2020/05/02,4:44:59
mmallows15,wcarlan2b,0,2020/05/05,9:50:49
nmckeevers14,lpariss2c,1,2020/05/18,16:30:14
mstoile2e,wcreevyq,0,2020/05/08,7:15:20
hallicock2o,kpagelsenw,0,2020/05/08,17:30:48
kbaffin1s,jpunterh,0,2020/05/02,17:02:25
agreenroydz,shalwards,1,2020/05/10,3:08:55
wbessettp,brainer23,0,2020/05/12,22:50:00
smccaughan29,zburnet2q,0,2020/05/17,5:53:55
awesthoferd,fmurfin2j,1,2020/05/20,13:47:20
gbaulch2,kespino6,1,2020/05/18,0:43:16
fshade2i,jmullenger2d,0,2020/05/20,1:44:49
ttolcherg,mknollesgreen2f,0,2020/05/08,14:04:34
snusche4,dhearnshaw2l,1,2020/05/06,19:11:50
wbessettp,itantum2g,0,2020/05/10,0:34:51
lfullom2m,kbabington1u,1,2020/05/08,19:16:39
kmcgettigan1x,smccaughan29,0,2020/05/04,1:51:06
dhearnshaw2l,jgallandref,1,2020/05/07,11:10:02
dblamphin1h,acrehan25,1,2020/05/12,22:55:37
itantum2g,kespino6,0,2020/05/18,14:32:27
zburnet2q,fsiemon8,0,2020/05/16,20:59:52
agreenroydz,wcreevyq,1,2020/05/22,8:48:23
lpariss2c,sgolsonc,1,2020/05/20,12:48:05
eoxenbury1z,fshade2i,1,2020/05/06,20:17:05
jpunterh,dpeart1t,0,2020/05/21,22:38:52
wbessettp,wcarlan2b,0,2020/05/23,3:33:35
jgallandref,dpeart1t,1,2020/05/09,18:11:14
gclemendotn,sfreke22,0,2020/05/16,13:10:55
dpeart1t,awesthoferd,1,2020/05/14,20:45:36
gdesborough1o,blinwoode,0,2020/05/23,1:58:40
fshade2i,snusche4,0,2020/05/09,3:13:37
vruprecht17,wcarlan2b,1,2020/05/03,9:00:05
pelsegood2r,oguiver16,1,2020/05/18,12:52:54
fsiemon8,mhakeworth3,1,2020/05/08,13:30:55
fmurfin2j,cduckinfield1i,1,2020/05/12,22:20:18
srobertacci28,lfullom2m,1,2020/05/10,9:53:26
dschelleo,cdigle21,0,2020/05/09,12:43:48
brainer23,kpagelsenw,1,2020/05/21,13:51:49
eoxenbury1z,dschelleo,1,2020/05/17,12:53:41
snusche4,wfrounks1f,1,2020/05/05,2:26:30
kdavidsohna,wcreevyq,1,2020/05/09,11:31:58
aallbutb,eoxenbury1z,0,2020/05/22,17:45:35
mhakeworth3,agreenroydz,0,2020/05/21,6:54:51
gpomery1p,mnorthleighi,1,2020/05/13,10:41:11
jjurgensen1,cbouda12,1,2020/05/22,18:55:38
fsiemon8,gdesborough1o,1,2020/05/14,5:03:13
blinwoode,bgarthside2k,1,2020/05/15,0:39:06
bgoter2p,vruprecht17,0,2020/05/22,16:31:10
lfullom2m,mdwane1v,1,2020/05/10,23:54:34
bgoter2p,dpeart1t,0,2020/05/01,5:03:48
ttolcherg,aminet1j,1,2020/05/18,1:48:04
jmullenger2d,mrustedge1e,1,2020/05/01,7:24:37
nwraggs5,hgolly13,0,2020/05/03,11:59:59
gbaulch2,itantum2g,1,2020/05/09,0:46:08
agreenroydz,lpariss2c,0,2020/05/16,23:27:50
bslatford1q,jgallandref,0,2020/05/03,13:28:24
sspyby1l,kmcgettigan1x,1,2020/05/16,1:15:59
bgoter2p,fsiemon8,0,2020/05/13,4:59:12
dhearnshaw2l,qdigwoodk,1,2020/05/21,8:08:32
sleyshon26,mbullcock1d,0,2020/05/17,4:40:47
fshoard1y,pgot2n,1,2020/05/03,18:38:35
pgaukrodgey,kjemmett27,1,2020/05/22,8:21:20
mnorthleighi,mdwane1v,1,2020/05/13,8:00:09
hgolly13,gclemendotn,0,2020/05/23,9:02:36
jjurgensen1,hgolly13,1,2020/05/05,7:52:36
dcapoun1k,zburnet2q,0,2020/05/16,1:20:44
mstoile2e,mnorthleighi,0,2020/05/03,13:14:37
mstoile2e,stroutbeckm,1,2020/05/21,1:43:28
sspyby1l,dblamphin1h,0,2020/05/12,1:45:46
sgolsonc,sfreke22,0,2020/05/10,1:17:01
mrustedge1e,dpeart1t,1,2020/05/02,12:42:46
fmurfin2j,mnorthleighi,0,2020/05/04,6:55:29
nwraggs5,pgot2n,1,2020/05/19,22:56:14
snusche4,bhunday1g,0,2020/05/21,16:45:05
ntotherr,evicker18,1,2020/05/16,23:39:04
bslatford1q,mpolamontayne1n,0,2020/05/16,12:13:09
kbolsover19,rpretsel11,1,2020/05/19,5:32:49
rpretsel11,fmurfin2j,0,2020/05/11,16:10:09
sleyshon26,pgaukrodgey,1,2020/05/17,3:55:00
smccaughan29,nwraggs5,0,2020/05/01,13:27:25
ztosdevint,sfreke22,1,2020/05/15,0:38:55
wcarlan2b,fshade2i,0,2020/05/12,22:49:40
hgolly13,wcreevyq,1,2020/05/03,1:56:04
jpunterh,dschelleo,0,2020/05/14,0:25:44
kpagelsenw,wfrounks1f,1,2020/05/09,22:40:57
ntotherr,lfullom2m,0,2020/05/10,23:46:53
ozambonini7,fsiemon8,0,2020/05/17,13:44:19
bgarthside2k,gpomery1p,0,2020/05/01,11:06:04
pgot2n,ohayer9,0,2020/05/05,8:00:55
cbouda12,itantum2g,0,2020/05/20,3:39:00
ntotherr,awesthoferd,1,2020/05/21,19:29:58
lfullom2m,evicker18,1,2020/05/12,18:35:55
hfranckton1w,bhunday1g,1,2020/05/11,22:08:38
pgot2n,kmcgettigan1x,1,2020/05/04,2:36:56
fmurfin2j,rpretsel11,1,2020/05/10,14:23:41
dblamphin1h,ttolcherg,1,2020/05/04,18:27:20
pelsegood2r,bgarthside2k,1,2020/05/17,5:39:05
jjurgensen1,eoxenbury1z,1,2020/05/05,16:35:44
kmcgettigan1x,mstoile2e,0,2020/05/08,16:38:36
ohayer9,gpomery1p,0,2020/05/04,0:55:34
jgallandref,crosborough1r,1,2020/05/19,7:09:47
wblamey2h,ekingswoode24,1,2020/05/02,14:48:21
fsiemon8,fshoard1y,1,2020/05/15,5:34:11
boflannery1c,sgolsonc,0,2020/05/21,17:27:34
hallicock2o,mdwane1v,1,2020/05/04,23:41:06
aallbutb,sspyby1l,0,2020/05/15,19:05:46
kbabington1u,nwraggs5,1,2020/05/05,4:33:24
dcapoun1k,bgarthside2k,0,2020/05/15,2:02:00
ohayer9,mstoile2e,1,2020/05/19,8:33:59
lfullom2m,cbartoszek1m,1,2020/05/06,18:27:02
zburnet2q,mpolamontayne1n,0,2020/05/12,2:08:23
wcarlan2b,dpeart1t,1,2020/05/07,4:36:22
kbabington1u,sgolsonc,0,2020/05/03,18:44:18
vruprecht17,kdavidsohna,0,2020/05/04,7:38:00
aallbutb,cbouda12,1,2020/05/17,9:56:51
kmcgettigan1x,itantum2g,1,2020/05/16,0:23:27
ekingswoode24,cbartoszek1m,1,2020/05/02,20:22:28
stroutbeckm,gpomery1p,1,2020/05/06,15:28:03
mstyle1a,fshoard1y,0,2020/05/16,8:29:08
bgoter2p,jgallandref,1,2020/05/22,6:19:00
rleathers10,boflannery1c,1,2020/05/13,2:32:57
evicker18,bgoter2p,0,2020/05/13,7:46:47
jmullenger2d,snusche4,1,2020/05/08,12:50:17
sfreke22,jjurgensen1,1,2020/05/09,1:52:50
dblamphin1h,acrehan25,1,2020/05/22,15:26:05
fshoard1y,ztosdevint,0,2020/05/22,11:48:56
kespino6,sgolsonc,0,2020/05/06,19:16:03
snusche4,boflannery1c,0,2020/05/08,15:49:00
gdesborough1o,awesthoferd,1,2020/05/02,0:29:37
fshoard1y,vruprecht17,1,2020/05/19,10:34:23
wcreevyq,svasyutochkinj,1,2020/05/15,10:28:30
aallbutb,rleathers10,1,2020/05/09,0:17:40
zburnet2q,wcarlan2b,1,2020/05/07,9:04:59
rleathers10,gsquibe20,1,2020/05/09,19:11:19
scripps2a,kpagelsenw,0,2020/05/08,5:46:58
fsiemon8,bgoter2p,0,2020/05/13,22:23:01
oguiver16,agreenroydz,0,2020/05/02,15:45:27
mrustedge1e,wcreevyq,0,2020/05/04,11:33:50
rpretsel11,snusche4,0,2020/05/02,18:46:57
smccaughan29,pgot2n,1,2020/05/09,11:11:58
acrehan25,zburnet2q,1,2020/05/19,3:03:37
kjemmett27,mdwane1v,1,2020/05/06,6:55:12
itantum2g,cdigle21,0,2020/05/16,1:43:01
fshoard1y,cdigle21,0,2020/05/18,9:41:20
jpunterh,lfullom2m,0,2020/05/16,20:37:49
bhunday1g,cbartoszek1m,0,2020/05/14,0:03:20
hfranckton1w,bgarthside2k,0,2020/05/16,15:00:52
acrehan25,gclemendotn,1,2020/05/01,20:30:03
rpretsel11,mknollesgreen2f,1,2020/05/15,6:50:32
hstainerx,mstyle1a,0,2020/05/05,21:58:20
gpomery1p,gsquibe20,0,2020/05/21,21:07:19
cdigle21,dschelleo,0,2020/05/01,9:10:38
hallicock2o,ztosdevint,1,2020/05/05,14:56:50
nmckeevers14,dblamphin1h,0,2020/05/13,15:53:38
kjemmett27,jpunterh,1,2020/05/05,22:03:37
gbaulch2,shalwards,1,2020/05/08,20:57:15
cbouda12,wbessettp,1,2020/05/22,8:55:04
shalwards,brainer23,1,2020/05/20,20:00:44
snusche4,kbaffin1s,1,2020/05/20,6:21:17
evicker18,wcreevyq,1,2020/05/06,22:17:12
eoxenbury1z,gbaulch2,0,2020/05/10,21:54:36
kbabington1u,kmcgettigan1x,1,2020/05/06,12:02:33
fmurfin2j,bslatford1q,0,2020/05/15,19:22:41
ntotherr,jjurgensen1,1,2020/05/02,3:27:58
ztosdevint,dschelleo,1,2020/05/13,9:32:51
wfrounks1f,mrustedge1e,0,2020/05/14,16:43:26
mdwane1v,mmallows15,0,2020/05/18,23:33:53
sgolsonc,dschelleo,1,2020/05/07,8:45:10
wbessettp,pelsegood2r,1,2020/05/14,2:23:33
awesthoferd,brainer23,0,2020/05/23,9:42:17
cbouda12,vthurbornu,0,2020/05/20,10:44:25
gsquibe20,zburnet2q,1,2020/05/04,1:01:48
bgoter2p,jmullenger2d,1,2020/05/11,16:13:08
fsiemon8,acrehan25,0,2020/05/11,12:53:07
aminet1j,gclemendotn,0,2020/05/12,2:13:37
eoxenbury1z,zburnet2q,1,2020/05/03,4:01:41
aminet1j,vthurbornu,1,2020/05/16,9:05:30
jpettkov,crosborough1r,1,2020/05/02,21:23:57
pelsegood2r,mdwane1v,1,2020/05/09,11:33:04
awesthoferd,cdigle21,0,2020/05/12,7:46:42
jjurgensen1,kbolsover19,1,2020/05/02,18:17:01
jjurgensen1,shalwards,0,2020/05/06,20:25:08
nwraggs5,kbaffin1s,0,2020/05/14,14:43:24
gdesborough1o,hfranckton1w,0,2020/05/08,8:37:12
mrustedge1e,stroutbeckm,0,2020/05/03,3:04:16
evicker18,pgaukrodgey,0,2020/05/01,2:56:35
wcarlan2b,stroutbeckm,1,2020/05/04,12:04:59
lpariss2c,kbabington1u,0,2020/05/08,22:06:53
gbaulch2,mnorthleighi,1,2020/05/11,21:16:39
sgolsonc,kdavidsohna,0,2020/05/13,18:20:22
eoxenbury1z,rpretsel11,0,2020/05/10,16:44:19
vthurbornu,hallicock2o,0,2020/05/09,21:05:32
rpretsel11,jjurgensen1,0,2020/05/15,5:48:01
mmallows15,pgot2n,1,2020/05/19,1:59:53
zburnet2q,mhakeworth3,0,2020/05/11,2:39:57
sfreke22,cbartoszek1m,1,2020/05/12,14:15:49
evicker18,kbolsover19,1,2020/05/03,13:02:27
smccaughan29,vthurbornu,1,2020/05/21,3:22:21
awesthoferd,evicker18,0,2020/05/04,13:01:15
rflindalll,snusche4,0,2020/05/20,22:30:07
kmcgettigan1x,gpomery1p,1,2020/05/05,18:58:58
blinwoode,pgot2n,1,2020/05/21,7:53:57
smccaughan29,agreenroydz,1,2020/05/16,7:53:46
fshoard1y,kbaffin1s,1,2020/05/02,23:51:12
ohayer9,ntotherr,0,2020/05/17,14:46:48
aallbutb,dpeart1t,1,2020/05/03,23:43:07
fshade2i,dblamphin1h,1,2020/05/01,3:12:48
pelsegood2r,hallicock2o,0,2020/05/15,20:00:49
jjurgensen1,kjemmett27,0,2020/05/14,15:22:35
dblamphin1h,gbaulch2,0,2020/05/17,19:58:10
jpettkov,kpagelsenw,1,2020/05/06,14:18:37
fshoard1y,rpretsel11,0,2020/05/17,18:36:23
eoxenbury1z,wbessettp,0,2020/05/18,17:29:55
bgoter2p,ekingswoode24,0,2020/05/01,8:35:55
oguiver16,kmcgettigan1x,0,2020/05/12,13:32:45
pgot2n,hgolly13,0,2020/05/18,6:39:47
srobertacci28,svasyutochkinj,0,2020/05/03,15:57:18
kdavidsohna,nwraggs5,0,2020/05/19,10:02:43
dpeart1t,mnorthleighi,1,2020/05/19,9:31:07
lfullom2m,gbaulch2,1,2020/05/05,19:57:21
ntotherr,hgolly13,0,2020/05/13,8:56:54
cbouda12,acrehan25,1,2020/05/07,4:30:44
hfranckton1w,ttolcherg,0,2020/05/16,14:36:43
mrustedge1e,nwraggs5,0,2020/05/23,7:11:50
qdigwoodk,gpomery1p,0,2020/05/14,22:33:47
kbabington1u,wfrounks1f,0,2020/05/14,9:35:21
hgolly13,lfullom2m,1,2020/05/15,1:03:11
jmullenger2d,uyurchishin1b,0,2020/05/06,2:34:49
jmullenger2d,lfullom2m,0,2020/05/04,17:33:47
shalwards,bhunday1g,1,2020/05/03,10:00:49
stroutbeckm,lfullom2m,0,2020/05/16,20:05:00
kmcgettigan1x,lfullom2m,0,2020/05/17,15:31:45
kpagelsenw,gsquibe20,1,2020/05/10,14:00:36
fsiemon8,stroutbeckm,0,2020/05/22,15:23:30
mstyle1a,jgallandref,0,2020/05/09,13:24:21
mstyle1a,mdwane1v,0,2020/05/19,2:21:53
cbartoszek1m,gbaulch2,1,2020/05/16,23:58:42
rleathers10,fmurfin2j,0,2020/05/16,23:01:43
pgaukrodgey,gpomery1p,0,2020/05/02,22:45:17
wcarlan2b,jpunterh,1,2020/05/19,16:41:12
jpunterh,gdesborough1o,0,2020/05/05,14:21:01
wcarlan2b,mpolamontayne1n,1,2020/05/13,12:50:10
mrustedge1e,kpagelsenw,0,2020/05/18,11:39:37
awesthoferd,oguiver16,1,2020/05/01,21:46:13
nmckeevers14,pgot2n,1,2020/05/16,15:13:22
shalwards,crosborough1r,1,2020/05/03,8:53:19
mknollesgreen2f,uyurchishin1b,0,2020/05/16,1:20:17
sgolsonc,ozambonini7,0,2020/05/16,20:04:39
awesthoferd,cduckinfield1i,1,2020/05/11,12:03:35
dschelleo,svasyutochkinj,1,2020/05/17,2:47:47
gbaulch2,ztosdevint,0,2020/05/16,9:43:58
stroutbeckm,kbolsover19,1,2020/05/20,20:23:31
kjemmett27,gdesborough1o,0,2020/05/03,22:40:41
mhakeworth3,jjurgensen1,1,2020/05/12,13:29:10
cduckinfield1i,hallicock2o,0,2020/05/23,21:41:29
crosborough1r,mmallows15,1,2020/05/20,5:03:29
fshoard1y,brainer23,0,2020/05/21,16:18:48
jpettkov,eoxenbury1z,1,2020/05/21,19:37:40
sfreke22,sspyby1l,0,2020/05/23,16:06:13
mdwane1v,hgolly13,0,2020/05/14,12:05:49
sleyshon26,jjurgensen1,1,2020/05/13,9:02:53
cduckinfield1i,oguiver16,1,2020/05/16,19:12:07
dschelleo,lpariss2c,0,2020/05/18,17:49:20
hallicock2o,cbouda12,1,2020/05/16,20:34:26
hfranckton1w,mstoile2e,0,2020/05/01,23:32:55
fshade2i,kbolsover19,0,2020/05/11,2:43:09
snusche4,gdesborough1o,0,2020/05/02,19:57:35
gpomery1p,hgolly13,1,2020/05/14,19:22:30
fshoard1y,wcarlan2b,1,2020/05/03,20:20:00
fmurfin2j,wcreevyq,1,2020/05/06,2:59:55
ntotherr,svasyutochkinj,1,2020/05/08,12:57:26
nwraggs5,bslatford1q,1,2020/05/15,15:24:59
mstyle1a,mbullcock1d,1,2020/05/06,16:33:24
hallicock2o,sspyby1l,0,2020/05/11,14:48:22
jmullenger2d,mbullcock1d,0,2020/05/04,20:22:43
gpomery1p,wblamey2h,0,2020/05/18,19:04:32
bgoter2p,ekingswoode24,0,2020/05/22,19:39:05
crosborough1r,acrehan25,0,2020/05/03,21:08:49
itantum2g,gsquibe20,1,2020/05/18,5:36:47
kmcgettigan1x,fshade2i,1,2020/05/07,17:59:02
shalwards,scripps2a,0,2020/05/13,8:44:38
kdavidsohna,bhunday1g,0,2020/05/18,14:25:55
gpomery1p,ztosdevint,1,2020/05/03,15:57:25
nmckeevers14,jjurgensen1,0,2020/05/18,21:09:48
jpettkov,rleathers10,1,2020/05/04,18:08:47
rleathers10,eoxenbury1z,0,2020/05/21,17:14:08
mknollesgreen2f,mstyle1a,1,2020/05/15,7:32:56
gclemendotn,mhakeworth3,1,2020/05/03,2:58:57
hgolly13,scripps2a,1,2020/05/11,21:02:21
wfrounks1f,wcarlan2b,0,2020/05/21,2:36:25
kdavidsohna,sfreke22,0,2020/05/23,16:28:19
cduckinfield1i,mbullcock1d,1,2020/05/15,18:43:14
gclemendotn,aallbutb,1,2020/05/15,1:11:07
mhakeworth3,kbaffin1s,1,2020/05/08,22:04:49
sgolsonc,stroutbeckm,1,2020/05/16,9:34:47
sfreke22,cdigle21,0,2020/05/21,14:41:30
gsquibe20,sleyshon26,1,2020/05/11,0:59:52
srobertacci28,mnorthleighi,0,2020/05/22,21:33:27
zburnet2q,gdesborough1o,1,2020/05/03,14:00:40
ekingswoode24,ttolcherg,1,2020/05/05,15:06:35
ekingswoode24,lpariss2c,0,2020/05/05,9:52:06
sspyby1l,ozambonini7,1,2020/05/12,7:17:03
crosborough1r,kpagelsenw,0,2020/05/21,20:03:03
sgolsonc,aallbutb,1,2020/05/15,23:13:02
kdavidsohna,wblamey2h,1,2020/05/21,9:14:21
cbartoszek1m,mpolamontayne1n,1,2020/05/08,9:29:57
agreenroydz,sleyshon26,1,2020/05/12,1:04:32
kbaffin1s,kespino6,0,2020/05/10,9:30:39
bgarthside2k,cdigle21,1,2020/05/05,8:03:12
kespino6,hallicock2o,1,2020/05/07,23:34:45
scripps2a,gdesborough1o,0,2020/05/19,1:53:24
wfrounks1f,wcarlan2b,1,2020/05/15,23:16:51
jgallandref,kbabington1u,0,2020/05/23,12:19:46
sgolsonc,dpeart1t,0,2020/05/23,5:11:37
agreenroydz,pgaukrodgey,1,2020/05/17,7:27:16
kbabington1u,srobertacci28,1,2020/05/23,23:33:57
dpeart1t,gbaulch2,0,2020/05/04,1:04:58
smccaughan29,kdavidsohna,0,2020/05/14,18:12:40
aallbutb,sfreke22,1,2020/05/13,8:50:55
dpeart1t,ztosdevint,0,2020/05/14,0:47:49
mstyle1a,wcreevyq,0,2020/05/06,5:58:00
rpretsel11,nmckeevers14,0,2020/05/03,0:39:06
fshade2i,hstainerx,0,2020/05/21,6:40:51
agreenroydz,vthurbornu,1,2020/05/18,22:39:42
rleathers10,eoxenbury1z,1,2020/05/10,3:38:45
mbullcock1d,dpeart1t,1,2020/05/21,17:40:08
kbabington1u,fshade2i,0,2020/05/16,16:56:17
wbessettp,mnorthleighi,0,2020/05/13,14:31:44
kdavidsohna,rpretsel11,0,2020/05/18,13:13:35
jmullenger2d,kbabington1u,1,2020/05/13,1:27:33
mpolamontayne1n,vthurbornu,0,2020/05/01,4:44:02
jpunterh,gbaulch2,1,2020/05/23,12:32:29
ztosdevint,wfrounks1f,1,2020/05/23,17:15:04
agreenroydz,smccaughan29,0,2020/05/23,8:33:27
kdavidsohna,ohayer9,1,2020/05/16,20:58:49
kmcgettigan1x,gpomery1p,0,2020/05/15,3:24:03
ztosdevint,awesthoferd,1,2020/05/10,11:56:35
mstoile2e,fsiemon8,0,2020/05/07,5:21:30
ohayer9,qdigwoodk,1,2020/05/20,20:14:18
mdwane1v,uyurchishin1b,0,2020/05/20,2:13:47
jjurgensen1,bgoter2p,0,2020/05/05,8:50:31
shalwards,mpolamontayne1n,1,2020/05/07,13:41:14
gsquibe20,mbullcock1d,1,2020/05/02,2:11:29
gdesborough1o,boflannery1c,0,2020/05/09,12:11:18
fmurfin2j,oguiver16,0,2020/05/07,22:50:07
srobertacci28,kbaffin1s,1,2020/05/07,18:12:23
agreenroydz,smccaughan29,0,2020/05/02,16:33:14
ozambonini7,srobertacci28,1,2020/05/20,14:25:06
jpettkov,zburnet2q,0,2020/05/10,17:35:15
fsiemon8,acrehan25,1,2020/05/03,12:15:51
zburnet2q,hallicock2o,1,2020/05/01,1:09:46
dschelleo,bhunday1g,1,2020/05/16,20:05:12
wblamey2h,kdavidsohna,1,2020/05/03,20:45:07
cbartoszek1m,vruprecht17,1,2020/05/18,20:08:54
eoxenbury1z,hallicock2o,0,2020/05/10,10:52:10
dhearnshaw2l,kmcgettigan1x,1,2020/05/12,0:27:18
kpagelsenw,ohayer9,0,2020/05/03,4:30:28
dblamphin1h,gbaulch2,0,2020/05/10,13:35:23
dcapoun1k,dschelleo,0,2020/05/11,7:12:14
scripps2a,ntotherr,1,2020/05/15,3:15:52
bgarthside2k,jgallandref,1,2020/05/05,16:15:48
uyurchishin1b,ozambonini7,1,2020/05/20,4:42:12
sgolsonc,wfrounks1f,1,2020/05/04,20:36:01
gpomery1p,kpagelsenw,1,2020/05/05,3:39:53
dpeart1t,cbouda12,1,2020/05/19,20:42:01
gsquibe20,jjurgensen1,1,2020/05/06,18:18:07
hgolly13,cbartoszek1m,1,2020/05/04,10:44:02
dschelleo,vthurbornu,0,2020/05/06,14:46:02
ntotherr,uyurchishin1b,0,2020/05/04,16:16:59
crosborough1r,kespino6,1,2020/05/11,11:19:17
srobertacci28,aallbutb,1,2020/05/21,4:36:22
agreenroydz,snusche4,0,2020/05/10,1:52:58
nmckeevers14,vthurbornu,1,2020/05/22,10:12:52
fmurfin2j,wfrounks1f,1,2020/05/18,22:40:57
mbullcock1d,bgoter2p,0,2020/05/03,4:54:52
sgolsonc,bslatford1q,1,2020/05/01,12:37:59
ozambonini7,nwraggs5,0,2020/05/07,2:38:12
kjemmett27,acrehan25,1,2020/05/15,12:51:52
dblamphin1h,hallicock2o,0,2020/05/01,0:19:29
kpagelsenw,hfranckton1w,0,2020/05/22,9:54:58
smccaughan29,cduckinfield1i,1,2020/05/07,21:26:29
hfranckton1w,lfullom2m,1,2020/05/16,23:36:51
bgoter2p,sgolsonc,0,2020/05/01,9:12:03
oguiver16,itantum2g,1,2020/05/20,2:56:58
dcapoun1k,jpettkov,0,2020/05/02,3:00:54
kmcgettigan1x,lpariss2c,0,2020/05/23,12:01:21
dcapoun1k,pgaukrodgey,1,2020/05/18,21:14:53
bgoter2p,lpariss2c,0,2020/05/20,16:22:51
ztosdevint,ozambonini7,1,2020/05/18,16:16:29
mbullcock1d,shalwards,1,2020/05/12,13:59:33
nwraggs5,nwraggs5,1,2020/05/03,2:35:39
mhakeworth3,hstainerx,0,2020/05/21,15:07:49
hfranckton1w,sgolsonc,1,2020/05/13,18:42:35
gsquibe20,pgaukrodgey,1,2020/05/23,4:10:03
jjurgensen1,sfreke22,1,2020/05/20,0:41:25
nmckeevers14,mstoile2e,0,2020/05/10,9:04:20
mrustedge1e,mbullcock1d,0,2020/05/06,19:05:04
lfullom2m,evicker18,0,2020/05/15,12:01:05
ntotherr,gsquibe20,1,2020/05/03,3:44:37
snusche4,cduckinfield1i,0,2020/05/06,10:08:44
cduckinfield1i,jjurgensen1,0,2020/05/09,3:07:39
cdigle21,jgallandref,0,2020/05/21,3:17:20
smccaughan29,brainer23,0,2020/05/17,23:32:08
rflindalll,cbouda12,1,2020/05/01,0:10:52
kbolsover19,wbessettp,0,2020/05/18,19:22:58
snusche4,rpretsel11,0,2020/05/16,18:48:54
sgolsonc,jpunterh,0,2020/05/02,14:08:14
rpretsel11,gbaulch2,0,2020/05/23,3:32:30
kpagelsenw,eoxenbury1z,0,2020/05/19,5:07:44
eoxenbury1z,cdigle21,1,2020/05/15,10:48:58
boflannery1c,kjemmett27,1,2020/05/08,18:18:47
snusche4,fshade2i,1,2020/05/04,4:18:07
dblamphin1h,smccaughan29,1,2020/05/23,18:25:11
kbaffin1s,cdigle21,0,2020/05/07,14:04:22
acrehan25,mpolamontayne1n,0,2020/05/15,17:43:27
sfreke22,mknollesgreen2f,1,2020/05/05,5:38:18
fshade2i,mdwane1v,1,2020/05/10,9:47:31
srobertacci28,aminet1j,0,2020/05/12,16:05:30
gpomery1p,crosborough1r,0,2020/05/08,6:57:32
itantum2g,mknollesgreen2f,1,2020/05/09,14:52:33
snusche4,fmurfin2j,0,2020/05/08,14:10:56
pgaukrodgey,gbaulch2,1,2020/05/11,5:29:44
ozambonini7,ekingswoode24,1,2020/05/01,14:45:06
blinwoode,ekingswoode24,1,2020/05/22,22:03:59
mstyle1a,gbaulch2,1,2020/05/09,17:52:10
nwraggs5,bgoter2p,0,2020/05/03,0:03:56
svasyutochkinj,jpettkov,0,2020/05/12,12:36:14
cdigle21,qdigwoodk,1,2020/05/23,12:31:54
rpretsel11,brainer23,1,2020/05/22,14:20:10
wfrounks1f,rleathers10,1,2020/05/10,11:09:40
vruprecht17,crosborough1r,0,2020/05/15,0:59:53
bhunday1g,gpomery1p,1,2020/05/03,20:15:18
kbolsover19,gpomery1p,0,2020/05/20,19:44:21
cbouda12,jgallandref,0,2020/05/21,10:20:48
evicker18,bgoter2p,0,2020/05/05,22:21:47
wblamey2h,snusche4,1,2020/05/05,11:07:25
bslatford1q,ekingswoode24,1,2020/05/06,20:49:24
kmcgettigan1x,bgarthside2k,1,2020/05/07,1:27:18
cbartoszek1m,lfullom2m,0,2020/05/01,10:16:27
dhearnshaw2l,mdwane1v,0,2020/05/19,13:18:01
lfullom2m,snusche4,1,2020/05/05,7:31:58
bgarthside2k,pgaukrodgey,0,2020/05/02,11:15:38
fmurfin2j,svasyutochkinj,0,2020/05/12,18:50:32
boflannery1c,mdwane1v,0,2020/05/14,10:37:25
mbullcock1d,ohayer9,0,2020/05/17,14:24:22
bgoter2p,qdigwoodk,1,2020/05/22,16:57:01
gclemendotn,sgolsonc,1,2020/05/15,0:26:40
nwraggs5,pgaukrodgey,0,2020/05/18,4:40:10
dhearnshaw2l,zburnet2q,0,2020/05/13,2:45:51
itantum2g,svasyutochkinj,0,2020/05/16,16:10:49
hallicock2o,bhunday1g,1,2020/05/15,19:02:47
mmallows15,itantum2g,1,2020/05/13,2:46:40
aallbutb,hstainerx,1,2020/05/01,14:21:23
vruprecht17,zburnet2q,1,2020/05/04,13:37:03
hallicock2o,jmullenger2d,1,2020/05/16,15:40:33
snusche4,evicker18,0,2020/05/13,17:40:26
rleathers10,rflindalll,1,2020/05/19,22:19:53
mdwane1v,mbullcock1d,1,2020/05/03,22:30:33
cbouda12,mmallows15,1,2020/05/20,19:44:54
sleyshon26,shalwards,1,2020/05/08,8:02:20
kbaffin1s,dschelleo,1,2020/05/18,1:10:59
fsiemon8,scripps2a,1,2020/05/14,0:17:56
bgoter2p,oguiver16,1,2020/05/10,5:17:54
cbouda12,mbullcock1d,1,2020/05/11,4:05:23
snusche4,kjemmett27,1,2020/05/19,4:48:11
uyurchishin1b,bhunday1g,0,2020/05/22,15:04:29
ntotherr,rpretsel11,0,2020/05/21,7:04:27
agreenroydz,gsquibe20,1,2020/05/11,15:56:12
nmckeevers14,rpretsel11,0,2020/05/08,17:35:31
crosborough1r,dhearnshaw2l,0,2020/05/05,14:29:15
nmckeevers14,mnorthleighi,1,2020/05/15,12:50:46
kbabington1u,mhakeworth3,0,2020/05/03,8:27:16
mpolamontayne1n,kbabington1u,0,2020/05/19,21:34:08
cduckinfield1i,gsquibe20,1,2020/05/18,17:56:53
dhearnshaw2l,wblamey2h,0,2020/05/02,11:10:46
agreenroydz,fshoard1y,0,2020/05/23,22:36:08
wbessettp,wbessettp,1,2020/05/09,19:55:31
pgot2n,jgallandref,1,2020/05/23,20:06:05
mbullcock1d,vruprecht17,1,2020/05/11,23:46:18
brainer23,mmallows15,1,2020/05/22,7:11:26
mpolamontayne1n,vthurbornu,1,2020/05/13,17:47:28
zburnet2q,jgallandref,1,2020/05/05,13:58:56
agreenroydz,smccaughan29,0,2020/05/08,10:36:59
mhakeworth3,kjemmett27,0,2020/05/07,6:05:40
jpunterh,rpretsel11,1,2020/05/21,3:46:52
brainer23,jpettkov,0,2020/05/05,22:05:30
kjemmett27,ntotherr,0,2020/05/12,10:17:52
mbullcock1d,bhunday1g,1,2020/05/21,6:50:01
kmcgettigan1x,brainer23,1,2020/05/06,1:25:34
hfranckton1w,mhakeworth3,1,2020/05/11,12:00:32
ozambonini7,fsiemon8,1,2020/05/04,12:50:53
dhearnshaw2l,mrustedge1e,0,2020/05/09,19:43:10
jjurgensen1,sgolsonc,1,2020/05/13,17:01:59
kdavidsohna,kmcgettigan1x,0,2020/05/23,8:24:52
rflindalll,hstainerx,1,2020/05/20,13:39:58
gdesborough1o,mmallows15,0,2020/05/09,7:17:52
crosborough1r,jpettkov,1,2020/05/11,11:32:23
ozambonini7,wcarlan2b,1,2020/05/16,9:44:45
zburnet2q,evicker18,0,2020/05/11,1:44:04
ztosdevint,dblamphin1h,1,2020/05/18,10:12:20
sleyshon26,kbabington1u,1,2020/05/01,11:39:05
awesthoferd,fshade2i,0,2020/05/02,16:48:19
awesthoferd,kmcgettigan1x,1,2020/05/05,6:34:00
sfreke22,ztosdevint,1,2020/05/21,9:12:03
cdigle21,pelsegood2r,0,2020/05/22,22:21:15
bgarthside2k,kbolsover19,0,2020/05/20,17:30:38
ttolcherg,gclemendotn,1,2020/05/17,9:33:05
sfreke22,mstoile2e,0,2020/05/21,14:31:39
gsquibe20,mpolamontayne1n,1,2020/05/14,23:57:33
uyurchishin1b,cbouda12,0,2020/05/14,1:47:09
fmurfin2j,mdwane1v,1,2020/05/10,4:42:06
cduckinfield1i,rpretsel11,0,2020/05/14,7:54:05
kbolsover19,fsiemon8,1,2020/05/16,20:53:03
pgaukrodgey,ekingswoode24,0,2020/05/05,16:40:26
bhunday1g,sleyshon26,1,2020/05/21,8:02:09
kpagelsenw,fmurfin2j,0,2020/05/23,15:49:18
mstoile2e,cduckinfield1i,1,2020/05/03,23:29:10
nwraggs5,stroutbeckm,1,2020/05/15,14:14:54
mstyle1a,ztosdevint,1,2020/05/06,18:00:25
gdesborough1o,kdavidsohna,1,2020/05/22,2:05:11
bgarthside2k,bgarthside2k,1,2020/05/22,14:42:09
jpettkov,nmckeevers14,1,2020/05/19,14:56:11
hfranckton1w,lfullom2m,0,2020/05/19,11:12:50
stroutbeckm,sgolsonc,1,2020/05/23,2:17:07
awesthoferd,jpunterh,0,2020/05/06,13:21:20
cbouda12,hgolly13,1,2020/05/16,0:34:51
rleathers10,mknollesgreen2f,1,2020/05/20,22:46:28
kdavidsohna,sfreke22,0,2020/05/10,22:44:20
boflannery1c,stroutbeckm,0,2020/05/17,7:40:59
kbabington1u,kespino6,1,2020/05/10,5:50:07
scripps2a,wfrounks1f,1,2020/05/05,18:23:50
mbullcock1d,rpretsel11,0,2020/05/18,21:59:54
wfrounks1f,wcreevyq,0,2020/05/20,5:46:25
wfrounks1f,snusche4,0,2020/05/17,4:59:26
pgot2n,aallbutb,1,2020/05/15,14:12:43
blinwoode,hfranckton1w,0,2020/05/05,18:08:30
oguiver16,stroutbeckm,1,2020/05/08,10:50:58
kbolsover19,svasyutochkinj,0,2020/05/14,19:30:06
pgot2n,gbaulch2,0,2020/05/01,19:24:54
evicker18,ozambonini7,0,2020/05/23,4:54:32
jjurgensen1,brainer23,0,2020/05/18,18:03:16
jgallandref,ztosdevint,1,2020/05/21,14:43:17
awesthoferd,uyurchishin1b,1,2020/05/08,7:28:24
hfranckton1w,gdesborough1o,1,2020/05/14,23:27:12
aminet1j,pgot2n,1,2020/05/10,11:17:33
nwraggs5,gclemendotn,0,2020/05/21,19:40:05
fshade2i,gbaulch2,0,2020/05/04,0:59:43
gbaulch2,ztosdevint,1,2020/05/21,17:33:03
evicker18,scripps2a,1,2020/05/17,13:59:03
brainer23,dcapoun1k,0,2020/05/14,8:36:50
ozambonini7,qdigwoodk,0,2020/05/16,10:55:37
acrehan25,cduckinfield1i,0,2020/05/15,16:27:58
kbolsover19,dcapoun1k,1,2020/05/09,6:55:17
hstainerx,mdwane1v,0,2020/05/14,19:21:01
zburnet2q,bgarthside2k,0,2020/05/01,12:26:33
gclemendotn,snusche4,0,2020/05/08,13:57:28
cbartoszek1m,fmurfin2j,0,2020/05/18,11:00:22
cdigle21,stroutbeckm,0,2020/05/19,5:31:56
wblamey2h,bgoter2p,0,2020/05/06,4:21:51
itantum2g,ekingswoode24,1,2020/05/15,0:49:53
fsiemon8,bgoter2p,0,2020/05/09,4:52:12
kpagelsenw,smccaughan29,1,2020/05/21,7:26:44
dcapoun1k,stroutbeckm,1,2020/05/20,16:49:50
lfullom2m,pgot2n,1,2020/05/14,19:52:26
dblamphin1h,wcarlan2b,0,2020/05/10,8:29:15
sgolsonc,mrustedge1e,1,2020/05/22,18:35:27
pgot2n,hstainerx,1,2020/05/18,17:44:08
jgallandref,rflindalll,0,2020/05/10,17:58:04
aallbutb,pelsegood2r,0,2020/05/23,11:36:13
kbaffin1s,mstyle1a,0,2020/05/14,4:06:51
mrustedge1e,wfrounks1f,1,2020/05/14,9:18:56
mmallows15,dpeart1t,0,2020/05/02,16:33:29
bgarthside2k,mmallows15,0,2020/05/05,9:02:35
dpeart1t,sfreke22,1,2020/05/06,20:01:41
brainer23,fsiemon8,0,2020/05/10,22:48:00
qdigwoodk,gclemendotn,0,2020/05/13,0:02:15
kpagelsenw,ztosdevint,0,2020/05/05,8:52:55
evicker18,kjemmett27,0,2020/05/05,14:39:51
brainer23,stroutbeckm,1,2020/05/16,15:03:38
kbolsover19,jmullenger2d,0,2020/05/11,10:35:41
pelsegood2r,mknollesgreen2f,1,2020/05/04,2:32:57
oguiver16,rflindalll,0,2020/05/17,9:43:26
wbessettp,hgolly13,0,2020/05/01,7:01:18
vruprecht17,kdavidsohna,0,2020/05/03,1:35:03
hfranckton1w,cduckinfield1i,0,2020/05/21,9:17:16
scripps2a,bslatford1q,0,2020/05/16,3:10:30
aallbutb,wblamey2h,1,2020/05/03,14:40:13
jjurgensen1,wcarlan2b,1,2020/05/17,22:40:02
scripps2a,vruprecht17,0,2020/05/10,22:57:02
kpagelsenw,gpomery1p,0,2020/05/04,11:18:53
hfranckton1w,mrustedge1e,1,2020/05/06,4:20:01
mpolamontayne1n,dpeart1t,0,2020/05/04,11:01:25
rpretsel11,cduckinfield1i,0,2020/05/16,8:24:57
fsiemon8,ntotherr,1,2020/05/10,4:00:52
sgolsonc,wcreevyq,1,2020/05/07,4:55:10
wbessettp,snusche4,1,2020/05/02,20:43:00
aallbutb,dcapoun1k,1,2020/05/21,4:41:23
ztosdevint,kbolsover19,0,2020/05/17,13:09:16
sspyby1l,snusche4,1,2020/05/11,19:20:52
dschelleo,kjemmett27,1,2020/05/12,15:28:38
hfranckton1w,aallbutb,1,2020/05/01,4:11:54
gdesborough1o,aallbutb,1,2020/05/19,23:16:32
ohayer9,mrustedge1e,1,2020/05/04,9:31:45
eoxenbury1z,wfrounks1f,1,2020/05/01,9:26:08
mdwane1v,lpariss2c,0,2020/05/03,3:55:44
fsiemon8,vruprecht17,1,2020/05/06,12:46:54
cduckinfield1i,dpeart1t,0,2020/05/01,8:34:53
kjemmett27,bslatford1q,1,2020/05/19,21:53:46
kbabington1u,kbolsover19,1,2020/05/19,2:52:14
kbolsover19,wfrounks1f,1,2020/05/18,17:51:39
mstyle1a,kbaffin1s,1,2020/05/18,22:34:07
crosborough1r,shalwards,1,2020/05/20,15:15:52
bgoter2p,hfranckton1w,0,2020/05/19,20:21:51
itantum2g,kbabington1u,0,2020/05/07,2:40:12
srobertacci28,ntotherr,1,2020/05/06,3:52:02
itantum2g,svasyutochkinj,1,2020/05/19,7:19:12
jgallandref,evicker18,0,2020/05/16,12:01:22
awesthoferd,eoxenbury1z,0,2020/05/04,16:29:53
jpettkov,mdwane1v,0,2020/05/21,13:49:10
gbaulch2,gdesborough1o,0,2020/05/15,10:01:41
bgarthside2k,wcarlan2b,0,2020/05/03,11:45:24
mpolamontayne1n,cbartoszek1m,0,2020/05/03,15:04:11
eoxenbury1z,bhunday1g,0,2020/05/14,2:05:15
ztosdevint,mbullcock1d,1,2020/05/04,3:23:47
rpretsel11,jmullenger2d,1,2020/05/08,18:23:45
dblamphin1h,ekingswoode24,0,2020/05/14,15:14:36
cdigle21,oguiver16,0,2020/05/22,7:30:55
dcapoun1k,sspyby1l,1,2020/05/11,12:15:11
kbaffin1s,mnorthleighi,0,2020/05/09,4:48:54
mstoile2e,ekingswoode24,1,2020/05/04,14:11:17
kbabington1u,aminet1j,0,2020/05/02,22:42:45
shalwards,bhunday1g,1,2020/05/13,22:33:40
wcreevyq,pgot2n,0,2020/05/05,4:22:57
wfrounks1f,gsquibe20,0,2020/05/07,19:46:27
lpariss2c,fshade2i,1,2020/05/02,16:08:04
zburnet2q,gsquibe20,0,2020/05/15,20:32:28
wblamey2h,oguiver16,0,2020/05/04,13:13:38
jjurgensen1,rleathers10,0,2020/05/15,2:36:34
aallbutb,bgarthside2k,1,2020/05/23,7:02:52
jpunterh,ohayer9,0,2020/05/08,6:44:00
mhakeworth3,hstainerx,1,2020/05/03,19:08:36
sgolsonc,fsiemon8,1,2020/05/05,22:08:39
kbolsover19,gpomery1p,0,2020/05/02,14:20:38
jpettkov,mbullcock1d,0,2020/05/02,1:39:06
gclemendotn,acrehan25,0,2020/05/17,5:14:13
cbouda12,bgoter2p,1,2020/05/23,7:58:29
qdigwoodk,mrustedge1e,1,2020/05/21,4:27:21
mstoile2e,ttolcherg,1,2020/05/15,9:09:42
ekingswoode24,cbartoszek1m,0,2020/05/23,17:04:19
mpolamontayne1n,ztosdevint,0,2020/05/10,8:13:34
hfranckton1w,oguiver16,0,2020/05/16,18:09:50
snusche4,sfreke22,1,2020/05/19,9:56:16
jmullenger2d,jpettkov,1,2020/05/03,1:38:00
bslatford1q,mknollesgreen2f,1,2020/05/15,20:36:59
acrehan25,eoxenbury1z,1,2020/05/01,19:49:03
jmullenger2d,smccaughan29,1,2020/05/04,0:02:00
dblamphin1h,nwraggs5,1,2020/05/05,20:20:15
nwraggs5,acrehan25,1,2020/05/11,3:18:13
ttolcherg,fshoard1y,1,2020/05/19,14:13:15
cbartoszek1m,bgoter2p,1,2020/05/14,5:46:06
boflannery1c,kbaffin1s,1,2020/05/07,20:59:02
jpunterh,mknollesgreen2f,1,2020/05/10,11:47:15
smccaughan29,pgot2n,1,2020/05/07,9:21:20
zburnet2q,sleyshon26,0,2020/05/04,18:29:15
mmallows15,gclemendotn,1,2020/05/04,19:31:04
jgallandref,srobertacci28,0,2020/05/02,2:36:51
rleathers10,gpomery1p,1,2020/05/01,9:27:33
zburnet2q,nwraggs5,1,2020/05/05,11:00:02
cdigle21,srobertacci28,1,2020/05/18,1:51:54
pelsegood2r,kbabington1u,1,2020/05/19,18:50:37
sgolsonc,mhakeworth3,0,2020/05/01,3:13:32
kdavidsohna,rpretsel11,1,2020/05/07,10:55:40
gsquibe20,gsquibe20,1,2020/05/09,21:31:17
dcapoun1k,nmckeevers14,1,2020/05/04,5:58:26
jjurgensen1,gpomery1p,1,2020/05/09,3:04:53
gbaulch2,mrustedge1e,0,2020/05/10,16:04:07
ozambonini7,jpettkov,0,2020/05/08,16:09:55
acrehan25,jpettkov,1,2020/05/04,3:55:17
scripps2a,mstoile2e,0,2020/05/16,21:15:49
mbullcock1d,kbabington1u,1,2020/05/14,9:39:42
jmullenger2d,kespino6,0,2020/05/04,2:02:03
kbaffin1s,dblamphin1h,0,2020/05/10,6:07:33
uyurchishin1b,agreenroydz,0,2020/05/17,23:45:23
mbullcock1d,mhakeworth3,0,2020/05/19,16:16:51
cduckinfield1i,kmcgettigan1x,0,2020/05/20,17:26:56
mpolamontayne1n,itantum2g,1,2020/05/17,2:18:56
mhakeworth3,mmallows15,1,2020/05/18,5:26:24
ozambonini7,mpolamontayne1n,0,2020/05/10,21:45:00
gsquibe20,wfrounks1f,1,2020/05/16,10:23:59
mmallows15,smccaughan29,1,2020/05/21,15:03:27
mdwane1v,hgolly13,1,2020/05/20,13:44:43
jmullenger2d,pelsegood2r,1,2020/05/16,5:20:01
nmckeevers14,mpolamontayne1n,1,2020/05/08,13:12:47
wcreevyq,aminet1j,0,2020/05/02,4:52:27
kpagelsenw,mknollesgreen2f,1,2020/05/04,8:09:31
scripps2a,ztosdevint,1,2020/05/19,19:14:08
jpettkov,vruprecht17,1,2020/05/01,11:21:38
kbabington1u,nwraggs5,0,2020/05/13,8:42:15
aallbutb,smccaughan29,0,2020/05/09,8:03:33
jmullenger2d,cbouda12,1,2020/05/06,17:52:15
kpagelsenw,bslatford1q,0,2020/05/10,18:01:13
rpretsel11,hstainerx,0,2020/05/12,0:20:12
dpeart1t,rflindalll,0,2020/05/18,12:29:13
kjemmett27,mstoile2e,0,2020/05/14,13:37:10
ntotherr,shalwards,1,2020/05/06,10:51:26
blinwoode,jpettkov,1,2020/05/20,7:01:30
sspyby1l,gbaulch2,0,2020/05/15,9:02:07
kdavidsohna,kpagelsenw,0,2020/05/04,13:43:47
fmurfin2j,hallicock2o,1,2020/05/18,0:26:11
bgarthside2k,hgolly13,0,2020/05/02,11:56:53
kjemmett27,brainer23,1,2020/05/03,10:50:44
fshade2i,eoxenbury1z,1,2020/05/21,15:54:52
wbessettp,rpretsel11,0,2020/05/19,9:19:14
wfrounks1f,ntotherr,0,2020/05/22,15:18:37
ekingswoode24,gpomery1p,0,2020/05/23,22:58:38
dcapoun1k,dschelleo,0,2020/05/11,17:45:20
wbessettp,pgaukrodgey,1,2020/05/02,23:09:58
cbouda12,gclemendotn,1,2020/05/05,11:42:20
mnorthleighi,awesthoferd,1,2020/05/06,22:10:31
dhearnshaw2l,zburnet2q,0,2020/05/18,18:07:28
wbessettp,rpretsel11,1,2020/05/05,13:39:52
mknollesgreen2f,gbaulch2,0,2020/05/20,3:44:47
smccaughan29,rpretsel11,1,2020/05/15,0:12:42
wcreevyq,sleyshon26,1,2020/05/04,3:30:46
smccaughan29,dhearnshaw2l,0,2020/05/09,21:11:39
ekingswoode24,vthurbornu,0,2020/05/05,16:19:10
hgolly13,wbessettp,1,2020/05/20,6:22:31
kbabington1u,svasyutochkinj,0,2020/05/18,20:26:39
rpretsel11,nwraggs5,0,2020/05/18,2:34:15
wcarlan2b,mpolamontayne1n,1,2020/05/02,21:10:32
boflannery1c,vthurbornu,1,2020/05/01,8:43:11
kjemmett27,hfranckton1w,0,2020/05/16,4:08:13
lpariss2c,pgaukrodgey,0,2020/05/05,11:24:40
kbaffin1s,nwraggs5,0,2020/05/14,4:06:11
agreenroydz,lpariss2c,0,2020/05/17,17:56:10
kdavidsohna,sfreke22,1,2020/05/06,19:00:28
sfreke22,rflindalll,0,2020/05/17,7:28:05
kespino6,sspyby1l,1,2020/05/15,16:43:06
hgolly13,mpolamontayne1n,0,2020/05/09,1:52:41
shalwards,gpomery1p,0,2020/05/21,5:01:40
shalwards,kbabington1u,1,2020/05/06,8:20:48
lpariss2c,fshoard1y,0,2020/05/03,10:58:11
jgallandref,ekingswoode24,0,2020/05/08,22:55:36
crosborough1r,ztosdevint,1,2020/05/13,8:19:29
kbolsover19,wblamey2h,1,2020/05/06,23:42:41
rpretsel11,kbabington1u,0,2020/05/06,22:11:17
stroutbeckm,agreenroydz,0,2020/05/21,1:32:23
kpagelsenw,sleyshon26,1,2020/05/04,1:32:13
boflannery1c,hfranckton1w,1,2020/05/13,2:20:04
nmckeevers14,dschelleo,1,2020/05/12,13:50:36
awesthoferd,cdigle21,0,2020/05/03,18:51:10
ohayer9,dblamphin1h,1,2020/05/06,12:57:29
hfranckton1w,mdwane1v,1,2020/05/05,18:27:02
sgolsonc,dblamphin1h,1,2020/05/02,7:19:46
dhearnshaw2l,hgolly13,1,2020/05/01,19:26:55
mbullcock1d,mbullcock1d,0,2020/05/02,17:31:45
kmcgettigan1x,stroutbeckm,0,2020/05/23,8:20:43
mrustedge1e,sleyshon26,0,2020/05/13,13:04:58
smccaughan29,zburnet2q,0,2020/05/06,11:02:30
dcapoun1k,wblamey2h,0,2020/05/02,15:28:50
bhunday1g,kbaffin1s,0,2020/05/07,11:54:51
vthurbornu,gdesborough1o,0,2020/05/17,18:27:50
hgolly13,uyurchishin1b,0,2020/05/05,22:41:44
srobertacci28,wblamey2h,1,2020/05/04,6:48:28
kdavidsohna,sspyby1l,0,2020/05/10,16:12:23
wcarlan2b,sleyshon26,0,2020/05/01,0:59:18
gclemendotn,crosborough1r,0,2020/05/19,13:38:43
brainer23,hstainerx,0,2020/05/13,17:28:51
bslatford1q,acrehan25,1,2020/05/01,5:40:41
fsiemon8,vthurbornu,0,2020/05/12,5:53:16
ozambonini7,wblamey2h,1,2020/05/04,10:18:15
lfullom2m,smccaughan29,0,2020/05/04,5:02:40
mbullcock1d,srobertacci28,0,2020/05/23,5:57:50
dcapoun1k,blinwoode,1,2020/05/09,22:34:21
mhakeworth3,kbabington1u,1,2020/05/10,6:40:20
hstainerx,fsiemon8,0,2020/05/01,16:49:57
mstyle1a,kpagelsenw,1,2020/05/05,12:33:46
zburnet2q,kmcgettigan1x,1,2020/05/15,16:21:29
kbolsover19,wbessettp,0,2020/05/19,19:57:22
dhearnshaw2l,bslatford1q,1,2020/05/03,4:39:55
fmurfin2j,rpretsel11,1,2020/05/01,11:29:36
crosborough1r,shalwards,1,2020/05/04,4:42:47
fshoard1y,gsquibe20,1,2020/05/19,20:21:23
dcapoun1k,ttolcherg,0,2020/05/12,19:06:12
wblamey2h,dhearnshaw2l,1,2020/05/13,1:29:34
srobertacci28,stroutbeckm,1,2020/05/20,11:59:15
bslatford1q,dhearnshaw2l,1,2020/05/23,23:29:29
crosborough1r,kjemmett27,0,2020/05/09,12:34:45
gbaulch2,fmurfin2j,0,2020/05/21,16:48:32
rleathers10,rflindalll,0,2020/05/12,5:17:22
kjemmett27,mknollesgreen2f,1,2020/05/10,15:19:19
dblamphin1h,awesthoferd,0,2020/05/13,0:14:08
scripps2a,jpettkov,1,2020/05/05,7:11:13
awesthoferd,kespino6,0,2020/05/15,17:12:42
wfrounks1f,lpariss2c,1,2020/05/08,2:12:33
brainer23,jpettkov,1,2020/05/10,1:27:29
cbouda12,zburnet2q,0,2020/05/17,7:05:26
sspyby1l,gclemendotn,1,2020/05/09,3:19:46
mdwane1v,shalwards,0,2020/05/19,10:48:56
ttolcherg,rflindalll,0,2020/05/11,11:21:05
lfullom2m,kespino6,1,2020/05/15,21:56:58
aallbutb,mrustedge1e,0,2020/05/12,10:19:36
sfreke22,stroutbeckm,1,2020/05/12,6:15:36
ekingswoode24,bgarthside2k,0,2020/05/13,13:55:56
ntotherr,bgoter2p,0,2020/05/03,11:55:00
nmckeevers14,boflannery1c,1,2020/05/02,20:45:03
fshoard1y,jmullenger2d,1,2020/05/16,1:59:16
aallbutb,gpomery1p,0,2020/05/15,21:03:36
gdesborough1o,wblamey2h,0,2020/05/20,6:31:30
mrustedge1e,lfullom2m,0,2020/05/21,11:15:29
cbartoszek1m,ohayer9,1,2020/05/09,14:11:33
mhakeworth3,nmckeevers14,1,2020/05/15,8:28:29
brainer23,lfullom2m,0,2020/05/04,10:09:58
kbabington1u,ztosdevint,0,2020/05/02,18:18:17
kbolsover19,oguiver16,1,2020/05/03,6:33:33
mmallows15,sfreke22,0,2020/05/06,14:10:26
ztosdevint,rpretsel11,1,2020/05/19,21:06:44
gpomery1p,sspyby1l,1,2020/05/03,18:57:32
wblamey2h,gbaulch2,1,2020/05/04,0:58:54
cbartoszek1m,rpretsel11,0,2020/05/05,8:38:39
cdigle21,kpagelsenw,1,2020/05/19,19:12:58
awesthoferd,ntotherr,0,2020/05/13,18:51:40
kbabington1u,gpomery1p,0,2020/05/22,1:57:38
cdigle21,sgolsonc,1,2020/05/03,7:30:35
qdigwoodk,acrehan25,0,2020/05/10,9:23:16
ozambonini7,sleyshon26,1,2020/05/14,21:00:56
hgolly13,gclemendotn,0,2020/05/01,17:46:57
crosborough1r,blinwoode,1,2020/05/06,6:42:03
jgallandref,sleyshon26,0,2020/05/05,5:08:50
svasyutochkinj,kbaffin1s,1,2020/05/07,18:50:15
aminet1j,kbaffin1s,1,2020/05/19,7:59:42
sleyshon26,ekingswoode24,1,2020/05/14,22:01:25
gdesborough1o,jpettkov,0,2020/05/16,22:09:52
wcarlan2b,acrehan25,1,2020/05/12,15:39:05
stroutbeckm,sfreke22,0,2020/05/13,21:29:08
fmurfin2j,rflindalll,0,2020/05/02,5:12:04
cdigle21,gdesborough1o,0,2020/05/09,1:51:06
brainer23,sfreke22,0,2020/05/09,15:32:32
ozambonini7,sgolsonc,1,2020/05/11,5:44:52
ztosdevint,hfranckton1w,1,2020/05/03,11:17:21
hfranckton1w,jpunterh,0,2020/05/11,14:29:04
sgolsonc,zburnet2q,0,2020/05/13,10:56:13
vthurbornu,fshade2i,1,2020/05/05,17:48:35
pgot2n,ozambonini7,0,2020/05/09,12:51:26
oguiver16,uyurchishin1b,1,2020/05/03,11:13:40
qdigwoodk,mknollesgreen2f,0,2020/05/17,7:02:20
cduckinfield1i,rflindalll,0,2020/05/18,0:56:03
dblamphin1h,mdwane1v,0,2020/05/12,1:34:33
mbullcock1d,shalwards,0,2020/05/12,14:37:01
smccaughan29,evicker18,0,2020/05/19,12:05:31
lfullom2m,pgot2n,1,2020/05/03,6:28:07
jgallandref,shalwards,1,2020/05/17,18:37:14
gclemendotn,smccaughan29,1,2020/05/22,1:57:48
nmckeevers14,awesthoferd,0,2020/05/14,0:56:37
snusche4,mrustedge1e,1,2020/05/12,21:08:25
svasyutochkinj,ttolcherg,1,2020/05/21,19:02:27
wbessettp,ohayer9,0,2020/05/02,19:35:58
kmcgettigan1x,stroutbeckm,0,2020/05/13,3:33:52
agreenroydz,bslatford1q,1,2020/05/23,13:29:15
gsquibe20,rpretsel11,0,2020/05/05,9:54:27
dschelleo,svasyutochkinj,0,2020/05/23,22:24:57
ozambonini7,mhakeworth3,0,2020/05/16,1:07:24
acrehan25,jjurgensen1,0,2020/05/02,20:33:10
pelsegood2r,lpariss2c,0,2020/05/13,19:41:22
gbaulch2,lfullom2m,1,2020/05/22,11:49:34
kdavidsohna,kdavidsohna,0,2020/05/14,13:09:00
cdigle21,hfranckton1w,1,2020/05/19,12:17:41
wblamey2h,kespino6,1,2020/05/19,11:18:28
stroutbeckm,kespino6,0,2020/05/08,22:08:32
ntotherr,vthurbornu,0,2020/05/22,14:28:17
kdavidsohna,crosborough1r,0,2020/05/06,9:33:08
dschelleo,oguiver16,1,2020/05/02,17:38:54
kbaffin1s,scripps2a,0,2020/05/13,0:34:17
pelsegood2r,mpolamontayne1n,0,2020/05/03,3:32:28
gdesborough1o,pelsegood2r,0,2020/05/07,17:14:57
svasyutochkinj,sgolsonc,0,2020/05/19,18:01:46
agreenroydz,ozambonini7,1,2020/05/18,11:35:14
hstainerx,kjemmett27,1,2020/05/11,22:25:59
vruprecht17,nmckeevers14,0,2020/05/10,15:16:26
dschelleo,vruprecht17,1,2020/05/01,9:19:22
rflindalll,boflannery1c,1,2020/05/18,14:56:29
dcapoun1k,qdigwoodk,1,2020/05/07,14:09:58
mrustedge1e,eoxenbury1z,1,2020/05/15,23:39:18
jpettkov,dcapoun1k,1,2020/05/15,15:41:43
mknollesgreen2f,oguiver16,1,2020/05/03,10:51:31
sgolsonc,ztosdevint,0,2020/05/13,1:53:04
awesthoferd,vruprecht17,1,2020/05/10,9:50:47
eoxenbury1z,hallicock2o,0,2020/05/02,21:35:34
