Timestamp_date,Timestamp_time,user_sender,user_receiver,content
2019/06/01,15:44:04,mhakeworth3,mstyle1a,Suspendisse potenti.
2019/11/24,11:48:20,mnorthleighi,hallicock2o,Pellentesque ultrices mattis odio.
2019/08/18,8:05:48,crosborough1r,aminet1j,Fusce posuere felis sed lacus.
2020/01/05,13:21:02,sgolsonc,cduckinfield1i,Morbi non lectus.
2019/12/08,15:17:26,mnorthleighi,boflannery1c,Curabitur convallis.
2019/12/06,19:05:54,crosborough1r,jjurgensen1,In hac habitasse platea dictumst.
2019/09/15,23:10:44,eoxenbury1z,pgaukrodgey,Nullam sit amet turpis elementum ligula vehicula consequat.
2019/08/01,6:45:58,rleathers10,sspyby1l,Maecenas tincidunt lacus at velit.
2019/12/09,1:26:43,ekingswoode24,snusche4,Nullam varius.
2019/10/07,22:35:22,ztosdevint,dcapoun1k,Nulla ac enim.
2020/02/07,17:17:47,kbaffin1s,fmurfin2j,Phasellus sit amet erat.
2019/05/17,14:05:51,kpagelsenw,hallicock2o,Donec posuere metus vitae ipsum.
2019/10/17,7:57:06,jjurgensen1,mstyle1a,"Cum sociis natoque penatibus et magnis dis parturient montes, nascetur ridiculus mus."
2020/01/07,12:33:26,aallbutb,dcapoun1k,Cras non velit nec nisi vulputate nonummy.
2020/02/20,18:27:31,sfreke22,jpettkov,"Cras mi pede, malesuada in, imperdiet et, commodo vulputate, justo."
2019/06/04,21:51:52,agreenroydz,crosborough1r,In hac habitasse platea dictumst.
2020/04/23,20:45:48,kjemmett27,gpomery1p,Etiam pretium iaculis justo.
2019/07/13,9:20:41,gsquibe20,jgallandref,Phasellus sit amet erat.
2019/05/19,17:36:52,hallicock2o,mbullcock1d,Suspendisse potenti.
2020/04/30,15:22:00,pgaukrodgey,hstainerx,"Integer pede justo, lacinia eget, tincidunt eget, tempus vel, pede."
2019/06/21,15:57:48,gclemendotn,dcapoun1k,Aliquam erat volutpat.
2019/06/26,20:26:30,gclemendotn,pgot2n,Pellentesque at nulla.
2019/07/31,12:16:45,kmcgettigan1x,lfullom2m,Curabitur convallis.
2020/05/05,10:23:12,fmurfin2j,fmurfin2j,Nulla facilisi.
2019/10/23,15:08:15,svasyutochkinj,gdesborough1o,Nulla mollis molestie lorem.
2020/04/29,21:55:26,hstainerx,kdavidsohna,"Vestibulum ante ipsum primis in faucibus orci luctus et ultrices posuere cubilia Curae; Donec pharetra, magna vestibulum aliquet ultrices, erat tortor sollicitudin mi, sit amet lobortis sapien sapien non mi."
2020/04/10,0:03:06,rpretsel11,wfrounks1f,Nulla ac enim.
2020/02/02,4:38:13,sgolsonc,wcreevyq,Duis at velit eu est congue elementum.
2019/05/21,14:39:12,fmurfin2j,lpariss2c,Donec vitae nisi.
2019/09/01,1:51:45,wcarlan2b,pelsegood2r,Mauris lacinia sapien quis libero.
2020/04/26,14:42:20,kbolsover19,sgolsonc,"Nullam orci pede, venenatis non, sodales sed, tincidunt eu, felis."
2019/09/13,2:09:24,jgallandref,evicker18,"Cras mi pede, malesuada in, imperdiet et, commodo vulputate, justo."
2019/06/26,12:24:47,ozambonini7,hstainerx,Morbi ut odio.
2019/12/31,18:30:12,mmallows15,acrehan25,Aenean fermentum.
2020/03/01,11:27:46,jgallandref,cdigle21,Etiam faucibus cursus urna.
2019/07/22,17:04:03,mpolamontayne1n,oguiver16,Suspendisse accumsan tortor quis turpis.
2019/06/19,2:03:53,wfrounks1f,ohayer9,In hac habitasse platea dictumst.
2019/07/08,23:36:18,hgolly13,nmckeevers14,Phasellus sit amet erat.
2020/03/27,19:54:52,hallicock2o,mnorthleighi,In hac habitasse platea dictumst.
2019/06/14,10:36:03,scripps2a,brainer23,Nulla nisl.
2020/02/18,11:31:59,mnorthleighi,pgaukrodgey,Morbi a ipsum.
2019/06/21,12:09:24,dpeart1t,blinwoode,Sed ante.
2019/10/03,1:49:06,ntotherr,hallicock2o,Nullam sit amet turpis elementum ligula vehicula consequat.
2020/02/15,0:09:22,boflannery1c,kbolsover19,"Maecenas tristique, est et tempus semper, est quam pharetra magna, ac consequat metus sapien ut nunc."
2019/06/01,5:17:34,rleathers10,gdesborough1o,In hac habitasse platea dictumst.
2019/08/23,14:28:24,jmullenger2d,kdavidsohna,In quis justo.
2019/10/18,13:59:15,lfullom2m,jjurgensen1,Proin interdum mauris non ligula pellentesque ultrices.
2019/10/08,5:37:03,itantum2g,mknollesgreen2f,Suspendisse accumsan tortor quis turpis.
2019/06/17,21:37:47,uyurchishin1b,smccaughan29,Aenean lectus.
2020/03/12,1:49:16,ttolcherg,lpariss2c,"Morbi sem mauris, laoreet ut, rhoncus aliquet, pulvinar sed, nisl."
2019/09/06,14:18:33,fshoard1y,kdavidsohna,Vivamus in felis eu sapien cursus vestibulum.
2019/08/07,9:38:13,kespino6,mstoile2e,Vestibulum ante ipsum primis in faucibus orci luctus et ultrices posuere cubilia Curae; Nulla dapibus dolor vel est.
2020/03/17,12:26:39,mdwane1v,wcreevyq,Nam tristique tortor eu pede.
2019/11/02,7:08:24,agreenroydz,dpeart1t,Cras non velit nec nisi vulputate nonummy.
2019/10/03,19:44:19,mnorthleighi,stroutbeckm,Nulla justo.
2020/04/24,22:59:03,ozambonini7,gbaulch2,Nullam porttitor lacus at turpis.
2020/01/18,3:01:33,cbartoszek1m,jpettkov,Curabitur gravida nisi at nibh.
2020/03/10,15:28:19,lfullom2m,ntotherr,Duis at velit eu est congue elementum.
2019/09/20,20:43:12,gclemendotn,agreenroydz,"Nulla neque libero, convallis eget, eleifend luctus, ultricies eu, nibh."
2019/10/30,11:50:19,lpariss2c,gclemendotn,"Vestibulum quam sapien, varius ut, blandit non, interdum in, ante."
2019/08/27,15:17:10,pgaukrodgey,wbessettp,Vestibulum ante ipsum primis in faucibus orci luctus et ultrices posuere cubilia Curae; Duis faucibus accumsan odio.
2020/02/23,23:57:22,dhearnshaw2l,ztosdevint,Curabitur at ipsum ac tellus semper interdum.
2020/03/07,17:41:46,sleyshon26,mrustedge1e,"Integer pede justo, lacinia eget, tincidunt eget, tempus vel, pede."
2019/05/25,10:50:13,gsquibe20,mrustedge1e,Curabitur at ipsum ac tellus semper interdum.
2020/04/08,15:02:32,vthurbornu,fmurfin2j,Proin interdum mauris non ligula pellentesque ultrices.
2019/12/03,12:37:18,ttolcherg,lpariss2c,"Quisque erat eros, viverra eget, congue eget, semper rutrum, nulla."
2019/10/17,23:41:34,gdesborough1o,jgallandref,Curabitur at ipsum ac tellus semper interdum.
2019/05/31,7:11:16,ekingswoode24,mnorthleighi,Nulla tempus.
2019/11/26,15:48:28,aallbutb,blinwoode,Curabitur gravida nisi at nibh.
2019/09/18,23:13:15,oguiver16,jpunterh,In quis justo.
2019/11/06,14:54:29,nmckeevers14,srobertacci28,Donec semper sapien a libero.
2019/09/21,14:07:54,cbouda12,eoxenbury1z,Vestibulum ac est lacinia nisi venenatis tristique.
2020/02/27,8:52:06,cduckinfield1i,hfranckton1w,Phasellus id sapien in sapien iaculis congue.
2020/01/20,14:42:53,wbessettp,ozambonini7,Cras non velit nec nisi vulputate nonummy.
2019/09/02,19:24:51,bgarthside2k,kbolsover19,Quisque porta volutpat erat.
2019/08/31,9:32:00,ozambonini7,mpolamontayne1n,Aenean fermentum.
2019/09/09,1:13:28,ozambonini7,blinwoode,Duis at velit eu est congue elementum.
2020/01/17,10:53:29,srobertacci28,kbaffin1s,Phasellus sit amet erat.
2020/01/09,19:47:43,dcapoun1k,sfreke22,Curabitur in libero ut massa volutpat convallis.
2020/02/10,19:14:17,hfranckton1w,vruprecht17,Nulla facilisi.
2019/08/02,19:38:25,smccaughan29,rflindalll,Nulla ut erat id mauris vulputate elementum.
2020/03/10,16:36:14,mrustedge1e,rleathers10,Etiam faucibus cursus urna.
2020/02/21,21:20:37,pgot2n,eoxenbury1z,Nam tristique tortor eu pede.
2019/10/20,17:56:54,bhunday1g,kbaffin1s,Donec ut mauris eget massa tempor convallis.
2019/09/29,2:56:28,wcarlan2b,wbessettp,Integer tincidunt ante vel ipsum.
2020/04/06,19:55:24,qdigwoodk,uyurchishin1b,Aliquam sit amet diam in magna bibendum imperdiet.
2019/12/29,20:58:54,nwraggs5,ntotherr,Vivamus in felis eu sapien cursus vestibulum.
2019/06/23,23:11:20,jjurgensen1,lfullom2m,In congue.
2020/03/08,19:35:11,mstoile2e,aallbutb,"Cum sociis natoque penatibus et magnis dis parturient montes, nascetur ridiculus mus."
2019/06/23,12:29:45,ttolcherg,dpeart1t,Nulla tempus.
2019/10/13,16:46:30,kbabington1u,mstoile2e,Morbi vel lectus in quam fringilla rhoncus.
2019/07/19,18:36:23,wfrounks1f,ttolcherg,Suspendisse ornare consequat lectus.
2019/11/01,12:39:50,gbaulch2,srobertacci28,"Nullam orci pede, venenatis non, sodales sed, tincidunt eu, felis."
2019/06/15,13:48:44,eoxenbury1z,pelsegood2r,"Maecenas leo odio, condimentum id, luctus nec, molestie sed, justo."
2019/11/22,4:48:09,hstainerx,mbullcock1d,Curabitur convallis.
2019/11/17,8:34:36,srobertacci28,snusche4,Morbi ut odio.
2020/04/19,11:49:00,vruprecht17,kbolsover19,Suspendisse accumsan tortor quis turpis.
2019/07/10,7:07:20,cbouda12,vthurbornu,Duis aliquam convallis nunc.
2020/03/10,21:03:37,nmckeevers14,hfranckton1w,Nunc nisl.
2019/09/08,0:08:01,qdigwoodk,kespino6,Aliquam quis turpis eget elit sodales scelerisque.
2019/11/23,19:39:58,dblamphin1h,agreenroydz,"Nam congue, risus semper porta volutpat, quam pede lobortis ligula, sit amet eleifend pede libero quis orci."
2019/11/25,13:30:50,boflannery1c,brainer23,"Quisque arcu libero, rutrum ac, lobortis vel, dapibus at, diam."
2019/09/21,9:11:50,svasyutochkinj,boflannery1c,Morbi quis tortor id nulla ultrices aliquet.
2019/07/01,23:30:50,mstoile2e,gclemendotn,Nullam varius.
2019/08/02,18:54:41,gdesborough1o,aallbutb,"Cras mi pede, malesuada in, imperdiet et, commodo vulputate, justo."
2020/04/10,2:58:57,zburnet2q,evicker18,Praesent lectus.
2019/10/31,3:42:42,wblamey2h,oguiver16,"Mauris enim leo, rhoncus sed, vestibulum sit amet, cursus id, turpis."
2019/12/08,23:48:11,sgolsonc,crosborough1r,Mauris ullamcorper purus sit amet nulla.
2019/11/08,6:54:53,aallbutb,hallicock2o,Nulla justo.
2019/11/16,21:57:23,awesthoferd,qdigwoodk,Sed vel enim sit amet nunc viverra dapibus.
2020/02/25,23:13:32,mdwane1v,crosborough1r,"Nullam orci pede, venenatis non, sodales sed, tincidunt eu, felis."
2020/04/02,7:35:32,kbolsover19,mdwane1v,Donec vitae nisi.
2020/02/25,17:18:34,fshade2i,pelsegood2r,"Morbi sem mauris, laoreet ut, rhoncus aliquet, pulvinar sed, nisl."
2019/11/18,12:42:39,gpomery1p,ozambonini7,"Donec odio justo, sollicitudin ut, suscipit a, feugiat et, eros."
2019/06/21,11:56:02,sspyby1l,fshoard1y,In hac habitasse platea dictumst.
2020/04/25,3:46:04,agreenroydz,sspyby1l,Suspendisse accumsan tortor quis turpis.
2020/01/16,23:09:00,svasyutochkinj,bgarthside2k,Quisque id justo sit amet sapien dignissim vestibulum.
2019/08/30,20:11:09,cbartoszek1m,fmurfin2j,Integer ac neque.
2019/07/11,16:58:37,lfullom2m,hallicock2o,Pellentesque at nulla.
2019/05/12,0:26:36,cbouda12,aallbutb,Suspendisse ornare consequat lectus.
2020/02/15,16:57:25,sgolsonc,fshoard1y,Quisque id justo sit amet sapien dignissim vestibulum.
2020/02/15,15:10:41,vthurbornu,hfranckton1w,Donec semper sapien a libero.
2019/08/01,0:54:59,vthurbornu,wcreevyq,"Cum sociis natoque penatibus et magnis dis parturient montes, nascetur ridiculus mus."
2020/02/07,12:55:51,mmallows15,wcarlan2b,Integer tincidunt ante vel ipsum.
2020/04/27,6:27:11,kbolsover19,agreenroydz,Maecenas ut massa quis augue luctus tincidunt.
2019/12/18,7:21:27,aminet1j,rleathers10,Praesent blandit lacinia erat.
2019/11/26,12:53:03,stroutbeckm,kmcgettigan1x,Nullam porttitor lacus at turpis.
2019/06/24,11:16:11,itantum2g,bgarthside2k,Suspendisse ornare consequat lectus.
2019/08/22,8:51:14,sfreke22,rflindalll,Praesent lectus.
2019/06/28,16:48:38,vruprecht17,kpagelsenw,Duis consequat dui nec nisi volutpat eleifend.
2020/03/24,3:37:10,cdigle21,bgoter2p,Aenean lectus.
2019/12/26,19:51:04,mknollesgreen2f,awesthoferd,Mauris ullamcorper purus sit amet nulla.
2019/05/21,5:34:39,nwraggs5,kmcgettigan1x,Duis at velit eu est congue elementum.
2019/09/19,14:25:31,dhearnshaw2l,nmckeevers14,Donec ut mauris eget massa tempor convallis.
2019/08/10,14:51:06,ohayer9,acrehan25,Mauris lacinia sapien quis libero.
2019/07/15,20:46:01,fshade2i,boflannery1c,Suspendisse potenti.
2019/10/21,2:15:04,dcapoun1k,sfreke22,Sed vel enim sit amet nunc viverra dapibus.
2020/02/19,7:02:17,ttolcherg,dblamphin1h,Duis aliquam convallis nunc.
2019/07/18,1:02:32,wblamey2h,pgot2n,Aenean sit amet justo.
2020/03/25,11:20:11,oguiver16,fshade2i,Ut tellus.
2019/11/16,23:32:24,itantum2g,svasyutochkinj,"Nullam orci pede, venenatis non, sodales sed, tincidunt eu, felis."
2019/11/22,11:07:29,gpomery1p,jjurgensen1,Sed sagittis.
2020/04/02,18:48:33,gclemendotn,fmurfin2j,Duis bibendum.
2019/09/06,17:02:42,fmurfin2j,awesthoferd,Ut at dolor quis odio consequat varius.
2019/06/26,3:08:12,vruprecht17,mstyle1a,"Proin leo odio, porttitor id, consequat in, consequat ut, nulla."
2019/09/01,11:12:15,wcreevyq,oguiver16,Mauris sit amet eros.
2019/12/27,4:19:01,wfrounks1f,wbessettp,In quis justo.
2019/10/22,0:06:06,qdigwoodk,cduckinfield1i,Cras in purus eu magna vulputate luctus.
2020/04/29,12:26:19,qdigwoodk,gdesborough1o,Phasellus in felis.
2020/05/01,17:22:59,svasyutochkinj,blinwoode,Aenean auctor gravida sem.
2019/06/11,14:29:46,wfrounks1f,blinwoode,Duis mattis egestas metus.
2019/11/27,22:48:29,wcarlan2b,mdwane1v,Nullam sit amet turpis elementum ligula vehicula consequat.
2020/03/16,14:30:10,hfranckton1w,jpettkov,Etiam faucibus cursus urna.
2020/04/12,13:20:49,itantum2g,wbessettp,Vestibulum ac est lacinia nisi venenatis tristique.
2019/12/16,22:52:30,eoxenbury1z,mhakeworth3,Maecenas ut massa quis augue luctus tincidunt.
2019/05/10,10:56:55,mhakeworth3,nmckeevers14,"Proin leo odio, porttitor id, consequat in, consequat ut, nulla."
2019/08/26,5:05:12,jgallandref,boflannery1c,"Vivamus metus arcu, adipiscing molestie, hendrerit at, vulputate vitae, nisl."
2019/08/30,4:45:53,nwraggs5,hgolly13,Nulla ut erat id mauris vulputate elementum.
2019/09/25,5:26:30,kmcgettigan1x,jmullenger2d,Duis ac nibh.
2019/10/27,0:34:14,gdesborough1o,mknollesgreen2f,In hac habitasse platea dictumst.
2019/09/22,8:34:39,nwraggs5,jpunterh,Nulla facilisi.
2019/07/03,9:43:01,awesthoferd,mdwane1v,Nullam varius.
2020/03/07,17:51:00,ohayer9,aminet1j,"Donec diam neque, vestibulum eget, vulputate ut, ultrices vel, augue."
2019/10/24,12:34:45,hgolly13,pgaukrodgey,Integer ac leo.
2020/03/29,6:43:14,jpettkov,pgot2n,Integer tincidunt ante vel ipsum.
2019/06/01,22:59:39,mnorthleighi,itantum2g,Aenean auctor gravida sem.
2019/11/28,21:22:27,acrehan25,bslatford1q,Nam tristique tortor eu pede.
2020/01/25,1:18:11,scripps2a,bhunday1g,Vestibulum ante ipsum primis in faucibus orci luctus et ultrices posuere cubilia Curae; Nulla dapibus dolor vel est.
2019/09/28,11:25:00,fmurfin2j,fshade2i,"Fusce congue, diam id ornare imperdiet, sapien urna pretium nisl, ut volutpat sapien arcu sed augue."
2019/06/01,19:18:20,jjurgensen1,wbessettp,"Quisque arcu libero, rutrum ac, lobortis vel, dapibus at, diam."
2019/11/05,14:45:06,bgarthside2k,dhearnshaw2l,Ut tellus.
2019/09/04,11:34:13,cbartoszek1m,pgot2n,Aenean auctor gravida sem.
2020/01/11,1:30:09,mknollesgreen2f,ohayer9,"Aliquam augue quam, sollicitudin vitae, consectetuer eget, rutrum at, lorem."
2020/05/05,13:05:33,dcapoun1k,hstainerx,Quisque id justo sit amet sapien dignissim vestibulum.
2019/09/14,17:03:49,gclemendotn,pgot2n,Praesent blandit lacinia erat.
2020/01/07,23:27:20,aallbutb,brainer23,Maecenas pulvinar lobortis est.
2020/01/19,19:59:55,fshoard1y,sfreke22,Morbi non lectus.
2019/08/15,0:42:32,dblamphin1h,sfreke22,Mauris lacinia sapien quis libero.
2019/05/21,5:56:01,kespino6,mdwane1v,Proin risus.
2019/11/07,21:29:57,sspyby1l,rflindalll,"Nullam orci pede, venenatis non, sodales sed, tincidunt eu, felis."
2019/12/29,8:38:56,vthurbornu,mrustedge1e,Sed accumsan felis.
2020/01/09,7:06:38,mmallows15,sgolsonc,"Cum sociis natoque penatibus et magnis dis parturient montes, nascetur ridiculus mus."
2019/08/14,19:55:02,dblamphin1h,fsiemon8,"Duis bibendum, felis sed interdum venenatis, turpis enim blandit mi, in porttitor pede justo eu massa."
2019/12/15,10:44:00,mknollesgreen2f,zburnet2q,"Nullam orci pede, venenatis non, sodales sed, tincidunt eu, felis."
2019/09/17,1:53:07,vruprecht17,mnorthleighi,Cras in purus eu magna vulputate luctus.
2019/08/13,21:22:28,mpolamontayne1n,jjurgensen1,"Nam congue, risus semper porta volutpat, quam pede lobortis ligula, sit amet eleifend pede libero quis orci."
2019/10/06,17:26:06,boflannery1c,nmckeevers14,Pellentesque at nulla.
2019/06/14,15:36:56,wcreevyq,wcreevyq,Praesent blandit lacinia erat.
2019/09/10,20:14:36,gpomery1p,cbouda12,"Maecenas leo odio, condimentum id, luctus nec, molestie sed, justo."
2019/07/14,10:16:30,sspyby1l,jmullenger2d,Nullam molestie nibh in lectus.
2019/09/22,3:05:50,sleyshon26,pgaukrodgey,Integer tincidunt ante vel ipsum.
2019/10/10,11:22:05,agreenroydz,mstyle1a,Vestibulum rutrum rutrum neque.
2020/02/14,8:53:59,gpomery1p,fsiemon8,Nullam porttitor lacus at turpis.
2019/07/06,21:58:56,mpolamontayne1n,mnorthleighi,Mauris ullamcorper purus sit amet nulla.
2019/05/15,12:55:45,fshade2i,fshoard1y,Praesent id massa id nisl venenatis lacinia.
2019/10/21,7:05:46,sfreke22,mhakeworth3,Pellentesque ultrices mattis odio.
2020/01/11,22:20:28,scripps2a,mdwane1v,Proin eu mi.
2019/11/06,16:05:38,oguiver16,dschelleo,In hac habitasse platea dictumst.
2019/10/03,11:06:57,svasyutochkinj,kespino6,Proin interdum mauris non ligula pellentesque ultrices.
2019/05/25,7:04:54,stroutbeckm,sspyby1l,"Lorem ipsum dolor sit amet, consectetuer adipiscing elit."
2020/01/14,9:13:54,wcreevyq,wcarlan2b,Etiam pretium iaculis justo.
2019/12/16,14:42:28,bgoter2p,aminet1j,"Vivamus metus arcu, adipiscing molestie, hendrerit at, vulputate vitae, nisl."
2019/06/07,3:09:14,cbartoszek1m,blinwoode,Morbi vel lectus in quam fringilla rhoncus.
2019/07/17,8:07:10,wfrounks1f,mrustedge1e,Donec ut mauris eget massa tempor convallis.
2019/07/03,11:18:28,vruprecht17,eoxenbury1z,"Cum sociis natoque penatibus et magnis dis parturient montes, nascetur ridiculus mus."
2019/12/10,7:55:29,awesthoferd,kpagelsenw,Nam nulla.
2019/05/12,12:55:43,rflindalll,rpretsel11,Phasellus in felis.
2019/11/20,16:37:17,itantum2g,fshoard1y,Suspendisse accumsan tortor quis turpis.
2020/03/09,22:38:47,wcreevyq,dschelleo,Suspendisse potenti.
2019/07/14,11:06:44,jpunterh,aminet1j,Curabitur in libero ut massa volutpat convallis.
2019/07/16,18:59:29,kpagelsenw,jgallandref,Pellentesque ultrices mattis odio.
2020/02/07,3:18:34,crosborough1r,kdavidsohna,Duis consequat dui nec nisi volutpat eleifend.
2020/04/18,4:46:35,gdesborough1o,cdigle21,Suspendisse potenti.
2019/10/18,16:29:10,hstainerx,snusche4,Donec vitae nisi.
2019/09/04,23:46:39,scripps2a,dcapoun1k,"Maecenas leo odio, condimentum id, luctus nec, molestie sed, justo."
2019/07/07,11:38:28,oguiver16,ohayer9,Maecenas ut massa quis augue luctus tincidunt.
2020/02/09,13:31:46,ohayer9,vruprecht17,Donec ut mauris eget massa tempor convallis.
2019/08/26,14:18:37,jpunterh,oguiver16,Nunc purus.
2019/11/23,19:09:29,ntotherr,awesthoferd,Duis aliquam convallis nunc.
2020/03/15,10:11:49,mhakeworth3,jgallandref,Fusce posuere felis sed lacus.
2020/02/13,1:57:11,boflannery1c,nwraggs5,Vestibulum rutrum rutrum neque.
2019/08/23,19:08:35,sspyby1l,kjemmett27,"Nam congue, risus semper porta volutpat, quam pede lobortis ligula, sit amet eleifend pede libero quis orci."
2020/03/25,17:16:01,wbessettp,rleathers10,Nulla suscipit ligula in lacus.
2020/01/16,6:21:05,cbouda12,shalwards,Etiam justo.
2019/07/12,2:07:52,fshade2i,mstoile2e,"Lorem ipsum dolor sit amet, consectetuer adipiscing elit."
2019/10/09,19:25:23,kmcgettigan1x,gbaulch2,Nulla tellus.
2020/03/23,13:34:42,kbolsover19,kbolsover19,"Integer pede justo, lacinia eget, tincidunt eget, tempus vel, pede."
2019/09/06,5:30:52,sfreke22,snusche4,Duis ac nibh.
2019/06/16,1:46:02,wfrounks1f,zburnet2q,Nulla nisl.
2019/06/30,2:17:33,wblamey2h,bgarthside2k,"Integer pede justo, lacinia eget, tincidunt eget, tempus vel, pede."
2020/03/16,20:36:31,mpolamontayne1n,bslatford1q,Integer ac leo.
2019/10/25,4:16:23,crosborough1r,fshoard1y,Integer a nibh.
2019/10/19,1:28:59,oguiver16,awesthoferd,Phasellus id sapien in sapien iaculis congue.
2019/08/27,11:55:58,kmcgettigan1x,hfranckton1w,Curabitur at ipsum ac tellus semper interdum.
2019/11/17,2:05:37,rleathers10,shalwards,Nulla mollis molestie lorem.
2020/05/05,23:08:11,dschelleo,dschelleo,Maecenas pulvinar lobortis est.
2020/04/29,21:54:35,crosborough1r,bgarthside2k,Etiam justo.
2019/05/15,4:09:03,awesthoferd,dblamphin1h,Suspendisse potenti.
2019/11/09,18:27:28,awesthoferd,mmallows15,Cras in purus eu magna vulputate luctus.
2020/01/24,8:34:52,dpeart1t,smccaughan29,Duis ac nibh.
2019/05/22,18:59:48,zburnet2q,jpunterh,Pellentesque eget nunc.
2020/02/19,6:51:58,mrustedge1e,snusche4,In hac habitasse platea dictumst.
2020/02/16,19:24:05,fshade2i,mstoile2e,Sed accumsan felis.
2019/07/19,3:25:48,mstyle1a,boflannery1c,Pellentesque eget nunc.
2019/05/21,7:18:36,ekingswoode24,ozambonini7,"Fusce lacus purus, aliquet at, feugiat non, pretium quis, lectus."
2019/07/11,5:04:02,kbaffin1s,mmallows15,"Proin leo odio, porttitor id, consequat in, consequat ut, nulla."
2019/07/23,15:30:10,kespino6,kespino6,Mauris lacinia sapien quis libero.
2020/01/12,12:47:47,cbartoszek1m,dschelleo,Maecenas ut massa quis augue luctus tincidunt.
2019/09/25,23:36:39,bgarthside2k,mstoile2e,Nam tristique tortor eu pede.
2020/03/04,3:10:02,gsquibe20,aallbutb,Pellentesque viverra pede ac diam.
2020/05/02,5:56:14,vruprecht17,jgallandref,"Vestibulum ante ipsum primis in faucibus orci luctus et ultrices posuere cubilia Curae; Donec pharetra, magna vestibulum aliquet ultrices, erat tortor sollicitudin mi, sit amet lobortis sapien sapien non mi."
2019/08/09,11:24:37,bslatford1q,pelsegood2r,Pellentesque ultrices mattis odio.
2020/01/04,1:22:22,hgolly13,snusche4,Curabitur in libero ut massa volutpat convallis.
2020/02/25,16:56:35,wcreevyq,shalwards,Maecenas pulvinar lobortis est.
2020/04/07,13:35:56,brainer23,gdesborough1o,Duis bibendum.
2019/05/22,16:19:32,bgoter2p,aminet1j,Morbi non quam nec dui luctus rutrum.
2019/10/04,6:20:41,hfranckton1w,rleathers10,Cras in purus eu magna vulputate luctus.
2020/01/17,6:39:14,fmurfin2j,mstyle1a,"Vivamus metus arcu, adipiscing molestie, hendrerit at, vulputate vitae, nisl."
2019/09/18,19:06:49,mbullcock1d,aminet1j,Phasellus in felis.
2019/07/20,16:52:01,shalwards,gdesborough1o,"Quisque erat eros, viverra eget, congue eget, semper rutrum, nulla."
2020/03/22,18:32:02,mstyle1a,kpagelsenw,"Quisque erat eros, viverra eget, congue eget, semper rutrum, nulla."
2019/12/23,15:53:52,crosborough1r,hgolly13,"Cum sociis natoque penatibus et magnis dis parturient montes, nascetur ridiculus mus."
2019/07/04,14:34:42,mhakeworth3,fmurfin2j,Maecenas pulvinar lobortis est.
2020/03/04,18:38:22,agreenroydz,fshoard1y,In hac habitasse platea dictumst.
2020/03/09,17:12:48,wblamey2h,ohayer9,"Vestibulum ante ipsum primis in faucibus orci luctus et ultrices posuere cubilia Curae; Donec pharetra, magna vestibulum aliquet ultrices, erat tortor sollicitudin mi, sit amet lobortis sapien sapien non mi."
2020/01/15,5:44:00,mrustedge1e,kbolsover19,"In tempor, turpis nec euismod scelerisque, quam turpis adipiscing lorem, vitae mattis nibh ligula nec sem."
2019/09/08,5:03:40,agreenroydz,mdwane1v,Nulla mollis molestie lorem.
2020/04/18,13:48:51,ztosdevint,blinwoode,Morbi a ipsum.
2020/03/10,17:40:51,snusche4,mpolamontayne1n,Fusce posuere felis sed lacus.
2020/04/12,9:40:40,wfrounks1f,lpariss2c,"Integer aliquet, massa id lobortis convallis, tortor risus dapibus augue, vel accumsan tellus nisi eu orci."
2020/01/14,11:33:25,bgarthside2k,rpretsel11,Suspendisse ornare consequat lectus.
2020/01/06,2:52:18,bgarthside2k,oguiver16,Cras in purus eu magna vulputate luctus.
2019/08/19,9:32:41,wfrounks1f,ntotherr,Praesent lectus.
2019/07/06,17:54:04,mnorthleighi,hgolly13,Suspendisse potenti.
2019/08/07,0:03:47,wblamey2h,smccaughan29,"Maecenas leo odio, condimentum id, luctus nec, molestie sed, justo."
2019/06/10,3:33:47,fmurfin2j,fmurfin2j,Phasellus id sapien in sapien iaculis congue.
2020/04/04,14:37:58,gsquibe20,gpomery1p,Morbi porttitor lorem id ligula.
2020/01/22,7:16:49,zburnet2q,gsquibe20,Aliquam sit amet diam in magna bibendum imperdiet.
2020/04/08,18:11:57,pelsegood2r,zburnet2q,Etiam vel augue.
2019/10/15,5:36:42,rflindalll,boflannery1c,Integer ac neque.
2019/06/18,23:41:29,blinwoode,evicker18,Nunc rhoncus dui vel sem.
2019/11/19,16:56:11,cdigle21,oguiver16,Donec ut dolor.
2020/03/20,9:12:34,brainer23,sfreke22,Suspendisse potenti.
2019/11/01,20:12:48,sgolsonc,pelsegood2r,Pellentesque at nulla.
2019/05/22,4:23:33,fshoard1y,dhearnshaw2l,"Cum sociis natoque penatibus et magnis dis parturient montes, nascetur ridiculus mus."
2019/07/20,8:38:45,sfreke22,eoxenbury1z,"Morbi vestibulum, velit id pretium iaculis, diam erat fermentum justo, nec condimentum neque sapien placerat ante."
2019/09/05,9:43:11,wcreevyq,jmullenger2d,Vivamus tortor.
2020/01/02,22:02:52,dblamphin1h,wcarlan2b,Nam nulla.
2019/08/14,23:01:52,lfullom2m,wblamey2h,Morbi non quam nec dui luctus rutrum.
2020/01/04,18:45:27,wbessettp,jpettkov,In quis justo.
2020/03/21,0:08:36,mhakeworth3,evicker18,Donec dapibus.
2020/01/22,13:43:02,ozambonini7,jpettkov,"Cum sociis natoque penatibus et magnis dis parturient montes, nascetur ridiculus mus."
2019/06/03,23:35:53,bhunday1g,kpagelsenw,Vestibulum ante ipsum primis in faucibus orci luctus et ultrices posuere cubilia Curae; Mauris viverra diam vitae quam.
2020/04/12,2:23:16,ozambonini7,fshoard1y,Duis ac nibh.
2019/11/06,23:56:51,rleathers10,smccaughan29,Maecenas pulvinar lobortis est.
2019/07/26,1:46:58,dblamphin1h,stroutbeckm,"Morbi vestibulum, velit id pretium iaculis, diam erat fermentum justo, nec condimentum neque sapien placerat ante."
2019/10/29,0:26:05,mbullcock1d,rleathers10,Aliquam non mauris.
2020/02/04,18:14:43,gpomery1p,dhearnshaw2l,Aliquam non mauris.
2019/11/04,22:54:35,mknollesgreen2f,gdesborough1o,Quisque id justo sit amet sapien dignissim vestibulum.
2020/02/20,1:39:29,lfullom2m,hgolly13,Sed sagittis.
2019/12/28,23:50:19,cdigle21,snusche4,Morbi non lectus.
2019/06/22,1:28:37,oguiver16,fshade2i,Maecenas pulvinar lobortis est.
2019/11/11,12:15:45,bgarthside2k,mhakeworth3,Nulla facilisi.
2019/10/15,0:10:12,bgoter2p,hallicock2o,In blandit ultrices enim.
2019/11/07,11:53:22,brainer23,evicker18,Morbi vel lectus in quam fringilla rhoncus.
2019/06/02,0:50:06,brainer23,oguiver16,"Duis bibendum, felis sed interdum venenatis, turpis enim blandit mi, in porttitor pede justo eu massa."
2019/10/18,7:21:27,bgarthside2k,aminet1j,Integer non velit.
2019/10/05,12:21:15,hstainerx,hallicock2o,"Quisque erat eros, viverra eget, congue eget, semper rutrum, nulla."
2019/12/08,22:53:04,wcreevyq,pgaukrodgey,"Mauris enim leo, rhoncus sed, vestibulum sit amet, cursus id, turpis."
2019/07/18,11:20:46,ttolcherg,oguiver16,Ut tellus.
2020/02/17,4:07:21,gpomery1p,mknollesgreen2f,Suspendisse accumsan tortor quis turpis.
2019/12/15,21:21:13,vthurbornu,sfreke22,Sed accumsan felis.
2019/12/03,16:53:39,kbabington1u,nwraggs5,"Morbi sem mauris, laoreet ut, rhoncus aliquet, pulvinar sed, nisl."
2019/07/16,16:51:22,bhunday1g,mstoile2e,Morbi vel lectus in quam fringilla rhoncus.
2020/04/14,13:10:52,kbolsover19,kespino6,"Maecenas leo odio, condimentum id, luctus nec, molestie sed, justo."
2020/02/28,2:39:22,ntotherr,jgallandref,Duis bibendum.
2020/01/26,7:06:46,awesthoferd,ztosdevint,In quis justo.
2019/05/24,6:56:23,bgarthside2k,uyurchishin1b,"In tempor, turpis nec euismod scelerisque, quam turpis adipiscing lorem, vitae mattis nibh ligula nec sem."
2020/03/14,19:27:18,agreenroydz,pgot2n,Pellentesque at nulla.
2019/12/08,8:00:07,pgaukrodgey,kbaffin1s,Praesent id massa id nisl venenatis lacinia.
2019/10/16,1:31:51,cbartoszek1m,dpeart1t,In blandit ultrices enim.
2019/10/24,10:01:16,vruprecht17,dpeart1t,Nullam varius.
2019/10/01,19:36:21,kbabington1u,awesthoferd,Integer ac leo.
2019/09/23,7:39:20,ztosdevint,hstainerx,Nunc purus.
2019/10/25,8:02:35,crosborough1r,fshoard1y,Maecenas ut massa quis augue luctus tincidunt.
2019/07/14,9:49:29,cbartoszek1m,sfreke22,Vivamus in felis eu sapien cursus vestibulum.
2020/03/14,14:13:50,fsiemon8,aallbutb,Morbi porttitor lorem id ligula.
2019/11/07,3:31:52,rpretsel11,nwraggs5,Donec vitae nisi.
2019/06/29,5:26:28,crosborough1r,lfullom2m,Nam nulla.
2019/08/01,14:05:27,ohayer9,svasyutochkinj,Vivamus in felis eu sapien cursus vestibulum.
2019/05/11,3:53:00,bhunday1g,rflindalll,Nullam molestie nibh in lectus.
2020/01/21,16:20:51,sgolsonc,snusche4,Curabitur at ipsum ac tellus semper interdum.
2019/12/11,13:46:02,lfullom2m,stroutbeckm,In hac habitasse platea dictumst.
2019/11/13,5:32:50,bhunday1g,kdavidsohna,"Nam ultrices, libero non mattis pulvinar, nulla pede ullamcorper augue, a suscipit nulla elit ac nulla."
2020/04/16,8:34:08,jgallandref,blinwoode,Vivamus vestibulum sagittis sapien.
2019/08/27,12:03:43,eoxenbury1z,kpagelsenw,Praesent blandit.
2019/09/15,11:52:45,pgaukrodgey,wbessettp,Suspendisse potenti.
2019/10/17,13:03:46,uyurchishin1b,hfranckton1w,Proin interdum mauris non ligula pellentesque ultrices.
2020/01/04,10:11:49,rpretsel11,ozambonini7,"Donec odio justo, sollicitudin ut, suscipit a, feugiat et, eros."
2019/05/25,3:54:01,dschelleo,rflindalll,Nunc nisl.
2019/10/20,0:17:09,gclemendotn,acrehan25,Etiam pretium iaculis justo.
2019/09/10,13:57:35,evicker18,gdesborough1o,Duis bibendum.
2019/08/25,22:49:11,qdigwoodk,ntotherr,"Vivamus metus arcu, adipiscing molestie, hendrerit at, vulputate vitae, nisl."
2020/04/22,21:31:22,sspyby1l,gclemendotn,In blandit ultrices enim.
2020/01/13,1:14:49,awesthoferd,mstoile2e,Quisque id justo sit amet sapien dignissim vestibulum.
2020/04/03,16:10:50,evicker18,nmckeevers14,"Aliquam augue quam, sollicitudin vitae, consectetuer eget, rutrum at, lorem."
2020/04/16,21:15:20,mpolamontayne1n,crosborough1r,"In est risus, auctor sed, tristique in, tempus sit amet, sem."
2019/07/21,3:22:07,shalwards,fmurfin2j,"Duis bibendum, felis sed interdum venenatis, turpis enim blandit mi, in porttitor pede justo eu massa."
2019/12/06,21:32:36,fshade2i,jjurgensen1,"Quisque arcu libero, rutrum ac, lobortis vel, dapibus at, diam."
2020/04/09,5:12:09,lfullom2m,ttolcherg,Nulla tempus.
2019/09/21,10:07:59,cdigle21,eoxenbury1z,"Integer aliquet, massa id lobortis convallis, tortor risus dapibus augue, vel accumsan tellus nisi eu orci."
2019/09/07,18:43:41,nwraggs5,cdigle21,Curabitur gravida nisi at nibh.
2019/10/29,8:25:01,dhearnshaw2l,zburnet2q,Suspendisse potenti.
2019/12/06,1:44:54,hallicock2o,gdesborough1o,Curabitur in libero ut massa volutpat convallis.
2019/10/05,16:16:06,gpomery1p,fshade2i,Morbi a ipsum.
2020/04/23,2:04:45,evicker18,hgolly13,Nunc rhoncus dui vel sem.
2019/07/30,8:06:40,ttolcherg,mknollesgreen2f,Vestibulum sed magna at nunc commodo placerat.
2019/10/07,17:59:30,ozambonini7,kpagelsenw,Etiam justo.
2019/10/07,2:38:23,hfranckton1w,scripps2a,Nulla suscipit ligula in lacus.
2019/05/22,12:54:01,jjurgensen1,hgolly13,In blandit ultrices enim.
2019/11/17,18:33:07,kjemmett27,kbolsover19,Praesent id massa id nisl venenatis lacinia.
2019/07/15,7:02:44,smccaughan29,mknollesgreen2f,Nam dui.
2020/03/09,8:07:47,mdwane1v,snusche4,Praesent blandit lacinia erat.
2019/09/11,21:59:41,bgarthside2k,lfullom2m,Cras in purus eu magna vulputate luctus.
2020/01/19,16:34:15,scripps2a,wfrounks1f,Donec posuere metus vitae ipsum.
2019/05/21,0:49:35,ohayer9,ntotherr,"Morbi odio odio, elementum eu, interdum eu, tincidunt in, leo."
2019/11/14,2:12:53,qdigwoodk,ttolcherg,Quisque id justo sit amet sapien dignissim vestibulum.
2019/07/31,1:15:32,smccaughan29,aminet1j,Duis consequat dui nec nisi volutpat eleifend.
2019/11/04,14:36:53,kjemmett27,cduckinfield1i,Etiam justo.
2020/03/19,15:43:46,jpettkov,dpeart1t,Nam nulla.
2019/10/11,3:53:44,gdesborough1o,shalwards,Duis bibendum.
2019/07/03,22:44:13,cbouda12,wcreevyq,Aenean sit amet justo.
2019/12/28,16:47:17,dpeart1t,mbullcock1d,Maecenas ut massa quis augue luctus tincidunt.
2019/10/18,9:39:28,mdwane1v,uyurchishin1b,Nam nulla.
2020/01/15,13:37:59,dcapoun1k,ekingswoode24,Proin risus.
2019/06/17,9:37:48,jpettkov,qdigwoodk,Nulla tellus.
2019/09/04,6:17:04,mrustedge1e,stroutbeckm,"Morbi odio odio, elementum eu, interdum eu, tincidunt in, leo."
2020/01/20,16:53:32,kespino6,hstainerx,Duis at velit eu est congue elementum.
2019/08/27,0:52:20,bslatford1q,acrehan25,Morbi non lectus.
2020/02/06,2:20:30,wfrounks1f,crosborough1r,Nam nulla.
2019/12/31,10:13:16,stroutbeckm,evicker18,Pellentesque at nulla.
2019/10/20,0:14:03,ntotherr,mstoile2e,"Donec odio justo, sollicitudin ut, suscipit a, feugiat et, eros."
2020/04/13,21:18:19,stroutbeckm,jmullenger2d,"Nam ultrices, libero non mattis pulvinar, nulla pede ullamcorper augue, a suscipit nulla elit ac nulla."
2019/11/06,17:08:12,nmckeevers14,hallicock2o,Nullam molestie nibh in lectus.
2019/09/09,22:57:38,dpeart1t,gsquibe20,Curabitur at ipsum ac tellus semper interdum.
2019/09/10,22:57:28,lpariss2c,kmcgettigan1x,Vestibulum sed magna at nunc commodo placerat.
2020/01/10,12:21:12,mdwane1v,dcapoun1k,Suspendisse potenti.
2020/04/04,1:25:16,jpettkov,fmurfin2j,"Proin leo odio, porttitor id, consequat in, consequat ut, nulla."
2019/11/07,5:49:47,gsquibe20,ekingswoode24,"Vestibulum ante ipsum primis in faucibus orci luctus et ultrices posuere cubilia Curae; Donec pharetra, magna vestibulum aliquet ultrices, erat tortor sollicitudin mi, sit amet lobortis sapien sapien non mi."
2019/09/27,7:34:59,ttolcherg,gclemendotn,Donec vitae nisi.
2019/06/05,2:32:26,acrehan25,gbaulch2,"Donec odio justo, sollicitudin ut, suscipit a, feugiat et, eros."
2020/01/28,11:11:36,gbaulch2,stroutbeckm,Suspendisse potenti.
2019/11/29,2:09:29,snusche4,evicker18,Nulla ut erat id mauris vulputate elementum.
2020/02/22,22:14:08,kbabington1u,mnorthleighi,Nunc purus.
2020/03/20,19:28:49,ttolcherg,lpariss2c,Duis ac nibh.
2019/11/04,18:13:28,acrehan25,jmullenger2d,Phasellus in felis.
2019/10/01,22:33:41,fsiemon8,mbullcock1d,In hac habitasse platea dictumst.
2020/03/21,0:49:45,kespino6,wbessettp,Vestibulum ante ipsum primis in faucibus orci luctus et ultrices posuere cubilia Curae; Mauris viverra diam vitae quam.
2019/05/12,5:06:22,dcapoun1k,pelsegood2r,"Donec odio justo, sollicitudin ut, suscipit a, feugiat et, eros."
2019/07/21,11:53:35,jmullenger2d,sleyshon26,"Aliquam augue quam, sollicitudin vitae, consectetuer eget, rutrum at, lorem."
2019/07/18,20:45:11,ekingswoode24,shalwards,Praesent blandit.
2019/08/05,9:52:04,nmckeevers14,mnorthleighi,Donec ut dolor.
2020/01/29,0:26:43,nwraggs5,wcreevyq,Nulla ac enim.
2019/12/19,15:27:34,fmurfin2j,ohayer9,Pellentesque at nulla.
2020/04/18,11:47:06,rflindalll,hfranckton1w,Nulla facilisi.
2019/05/30,23:27:39,wbessettp,wblamey2h,Sed vel enim sit amet nunc viverra dapibus.
2019/11/09,22:01:24,gdesborough1o,kpagelsenw,Ut at dolor quis odio consequat varius.
2019/10/10,5:17:39,cdigle21,kbaffin1s,Aenean fermentum.
2019/06/09,12:31:37,sfreke22,kdavidsohna,Sed ante.
2019/07/01,14:53:31,scripps2a,mpolamontayne1n,In hac habitasse platea dictumst.
2019/06/06,23:20:05,crosborough1r,svasyutochkinj,Nullam varius.
2019/09/28,3:59:09,gdesborough1o,awesthoferd,Maecenas pulvinar lobortis est.
2019/11/29,1:00:39,gsquibe20,awesthoferd,"Vestibulum ante ipsum primis in faucibus orci luctus et ultrices posuere cubilia Curae; Donec pharetra, magna vestibulum aliquet ultrices, erat tortor sollicitudin mi, sit amet lobortis sapien sapien non mi."
2019/10/04,7:06:13,oguiver16,mnorthleighi,"Donec odio justo, sollicitudin ut, suscipit a, feugiat et, eros."
2020/04/14,1:40:25,aminet1j,brainer23,Maecenas tincidunt lacus at velit.
2020/01/27,9:18:32,fsiemon8,cdigle21,Proin eu mi.
2020/04/23,5:05:48,kbabington1u,boflannery1c,"Morbi odio odio, elementum eu, interdum eu, tincidunt in, leo."
2020/04/09,3:16:10,brainer23,jpunterh,Integer non velit.
2019/06/16,15:31:17,jpunterh,hallicock2o,Nunc nisl.
2019/10/29,10:53:40,qdigwoodk,wfrounks1f,Vestibulum rutrum rutrum neque.
2019/09/12,12:21:19,kbabington1u,srobertacci28,Donec semper sapien a libero.
2020/02/02,21:13:05,dhearnshaw2l,vthurbornu,Mauris ullamcorper purus sit amet nulla.
2020/01/26,17:12:38,cbartoszek1m,pelsegood2r,Vivamus vel nulla eget eros elementum pellentesque.
2019/12/24,15:22:56,jpunterh,nmckeevers14,Donec ut dolor.
2020/03/01,3:58:43,boflannery1c,hgolly13,Curabitur convallis.
2020/03/31,13:47:02,nwraggs5,jpettkov,Aliquam non mauris.
2019/11/04,17:48:31,svasyutochkinj,wblamey2h,Vivamus vel nulla eget eros elementum pellentesque.
2019/12/13,11:41:35,sspyby1l,wblamey2h,Morbi vel lectus in quam fringilla rhoncus.
2019/05/12,9:36:38,fshade2i,kespino6,"Integer aliquet, massa id lobortis convallis, tortor risus dapibus augue, vel accumsan tellus nisi eu orci."
2019/05/22,14:13:39,mmallows15,mknollesgreen2f,Morbi non lectus.
2019/05/30,12:38:04,pgaukrodgey,evicker18,In eleifend quam a odio.
2019/12/15,19:26:41,ozambonini7,wcreevyq,"Nulla neque libero, convallis eget, eleifend luctus, ultricies eu, nibh."
2020/02/22,7:43:02,mnorthleighi,fshade2i,"In est risus, auctor sed, tristique in, tempus sit amet, sem."
2020/01/23,15:50:41,mmallows15,kbabington1u,"Morbi sem mauris, laoreet ut, rhoncus aliquet, pulvinar sed, nisl."
2020/01/09,22:22:16,scripps2a,gsquibe20,Donec dapibus.
2019/10/27,3:08:45,smccaughan29,gsquibe20,"Donec odio justo, sollicitudin ut, suscipit a, feugiat et, eros."
2019/05/24,11:00:05,mknollesgreen2f,blinwoode,Curabitur gravida nisi at nibh.
2019/07/16,6:24:46,stroutbeckm,ekingswoode24,Duis aliquam convallis nunc.
2020/03/04,18:56:29,wcarlan2b,gdesborough1o,Nulla tempus.
2019/10/24,21:27:48,shalwards,dblamphin1h,Duis bibendum.
2019/10/06,12:11:13,snusche4,mmallows15,Nullam sit amet turpis elementum ligula vehicula consequat.
2019/09/30,22:49:43,srobertacci28,mstoile2e,Suspendisse potenti.
2019/09/17,5:16:17,eoxenbury1z,sspyby1l,Quisque ut erat.
2020/01/17,17:50:31,wblamey2h,gpomery1p,Integer ac neque.
2019/12/03,6:09:23,wbessettp,zburnet2q,Phasellus id sapien in sapien iaculis congue.
2020/02/24,20:13:41,bhunday1g,dhearnshaw2l,Mauris sit amet eros.
2019/06/03,7:34:17,gbaulch2,jpunterh,Praesent lectus.
2019/08/30,1:05:48,mdwane1v,vruprecht17,Cras pellentesque volutpat dui.
2020/04/27,13:46:38,pgaukrodgey,aminet1j,Aenean sit amet justo.
2019/12/22,22:25:53,gclemendotn,gpomery1p,Donec quis orci eget orci vehicula condimentum.
2020/03/22,5:16:54,svasyutochkinj,vruprecht17,Praesent lectus.
2019/07/26,4:21:20,uyurchishin1b,sspyby1l,Morbi non lectus.
2020/03/29,9:08:49,sspyby1l,gdesborough1o,Mauris lacinia sapien quis libero.
2019/06/24,15:22:24,uyurchishin1b,jpettkov,Proin risus.
2019/05/24,22:26:13,lfullom2m,wblamey2h,In sagittis dui vel nisl.
2019/09/03,6:44:07,evicker18,acrehan25,Mauris ullamcorper purus sit amet nulla.
2019/12/02,12:34:49,kjemmett27,gclemendotn,"Nam ultrices, libero non mattis pulvinar, nulla pede ullamcorper augue, a suscipit nulla elit ac nulla."
2020/01/14,4:21:06,bhunday1g,ntotherr,Nulla nisl.
2019/10/08,5:29:04,jjurgensen1,gbaulch2,Cras non velit nec nisi vulputate nonummy.
2020/02/08,9:41:09,pgot2n,oguiver16,Ut tellus.
2019/12/17,6:19:34,kbabington1u,sleyshon26,Nullam porttitor lacus at turpis.
2019/12/02,16:42:18,uyurchishin1b,rflindalll,Vestibulum ac est lacinia nisi venenatis tristique.
2019/10/14,1:02:03,mrustedge1e,hallicock2o,"Donec diam neque, vestibulum eget, vulputate ut, ultrices vel, augue."
2019/06/15,15:24:29,jjurgensen1,sfreke22,Duis mattis egestas metus.
2019/11/20,7:17:23,pgaukrodgey,brainer23,Mauris sit amet eros.
2019/10/11,14:59:14,bslatford1q,boflannery1c,Nam tristique tortor eu pede.
2019/07/10,22:19:20,sspyby1l,scripps2a,"Nam ultrices, libero non mattis pulvinar, nulla pede ullamcorper augue, a suscipit nulla elit ac nulla."
2019/11/28,23:16:51,ntotherr,cdigle21,Phasellus id sapien in sapien iaculis congue.
2020/04/17,2:36:27,kjemmett27,bgoter2p,Cras pellentesque volutpat dui.
2019/12/12,16:00:22,evicker18,nwraggs5,Cras non velit nec nisi vulputate nonummy.
2019/08/30,14:31:15,sgolsonc,fshade2i,Proin at turpis a pede posuere nonummy.
2019/08/26,19:10:32,shalwards,boflannery1c,Duis ac nibh.
2019/07/20,13:52:03,ntotherr,snusche4,Nulla facilisi.
2019/06/15,17:45:00,gpomery1p,kdavidsohna,Vestibulum ac est lacinia nisi venenatis tristique.
2019/12/08,7:22:45,nmckeevers14,gpomery1p,Vestibulum ante ipsum primis in faucibus orci luctus et ultrices posuere cubilia Curae; Mauris viverra diam vitae quam.
2020/03/14,14:24:18,wblamey2h,lpariss2c,Nam nulla.
2019/09/22,10:27:03,dpeart1t,jgallandref,Integer ac leo.
2019/07/21,21:22:51,dcapoun1k,vthurbornu,In hac habitasse platea dictumst.
2019/09/09,10:23:03,svasyutochkinj,mdwane1v,Cras pellentesque volutpat dui.
2019/07/24,3:52:09,vthurbornu,uyurchishin1b,Vestibulum sed magna at nunc commodo placerat.
2019/09/02,4:45:11,wfrounks1f,fsiemon8,Proin eu mi.
2020/01/09,4:50:28,sspyby1l,sleyshon26,"Quisque erat eros, viverra eget, congue eget, semper rutrum, nulla."
2019/06/17,14:10:24,gbaulch2,fshade2i,Integer ac neque.
2019/10/26,11:37:00,hstainerx,jjurgensen1,Nunc purus.
2019/10/23,20:56:44,ohayer9,rpretsel11,Maecenas rhoncus aliquam lacus.
2020/01/17,4:33:54,dhearnshaw2l,ztosdevint,Pellentesque ultrices mattis odio.
2020/02/19,4:19:32,agreenroydz,wcarlan2b,Curabitur in libero ut massa volutpat convallis.
2019/09/11,0:17:00,mdwane1v,kbaffin1s,Morbi non quam nec dui luctus rutrum.
2019/11/03,7:15:51,dcapoun1k,vruprecht17,Aliquam erat volutpat.
2019/09/11,0:15:10,sleyshon26,hstainerx,Cras non velit nec nisi vulputate nonummy.
2019/06/23,8:25:19,rpretsel11,fshoard1y,Fusce posuere felis sed lacus.
2019/11/08,15:10:52,mpolamontayne1n,rflindalll,In sagittis dui vel nisl.
2020/02/15,20:43:50,mknollesgreen2f,pgot2n,Aenean lectus.
2019/09/20,18:17:10,hgolly13,jpettkov,Morbi a ipsum.
2019/05/24,6:11:37,bgarthside2k,sfreke22,Vestibulum rutrum rutrum neque.
2019/12/06,1:43:55,agreenroydz,sfreke22,Curabitur in libero ut massa volutpat convallis.
2020/05/04,10:40:21,bgarthside2k,fmurfin2j,Suspendisse ornare consequat lectus.
2020/04/26,13:49:02,mmallows15,shalwards,"Vivamus metus arcu, adipiscing molestie, hendrerit at, vulputate vitae, nisl."
2019/11/17,4:26:40,bgarthside2k,nwraggs5,Mauris lacinia sapien quis libero.
2019/11/20,16:29:17,pelsegood2r,jpettkov,"In tempor, turpis nec euismod scelerisque, quam turpis adipiscing lorem, vitae mattis nibh ligula nec sem."
2019/06/07,23:18:14,wfrounks1f,ekingswoode24,Proin risus.
2019/08/30,6:14:26,bgoter2p,mstoile2e,"Nulla neque libero, convallis eget, eleifend luctus, ultricies eu, nibh."
2020/03/24,3:32:10,cbartoszek1m,sgolsonc,Etiam justo.
2020/02/21,6:36:24,aminet1j,ntotherr,Sed sagittis.
2019/11/26,0:08:07,cbartoszek1m,dpeart1t,"Morbi sem mauris, laoreet ut, rhoncus aliquet, pulvinar sed, nisl."
2020/04/17,20:27:50,pgot2n,jjurgensen1,Maecenas rhoncus aliquam lacus.
2019/09/27,18:51:42,evicker18,sfreke22,Duis consequat dui nec nisi volutpat eleifend.
2020/02/01,6:35:01,kpagelsenw,dblamphin1h,Donec ut dolor.
2019/05/23,16:58:53,eoxenbury1z,jpunterh,Morbi non quam nec dui luctus rutrum.
2020/04/25,16:54:25,ztosdevint,bslatford1q,In hac habitasse platea dictumst.
2019/08/15,9:05:03,cbouda12,oguiver16,Morbi porttitor lorem id ligula.
2020/02/28,10:53:02,ztosdevint,aallbutb,Pellentesque at nulla.
2019/11/09,4:13:36,ttolcherg,hstainerx,"Cum sociis natoque penatibus et magnis dis parturient montes, nascetur ridiculus mus."
2019/11/21,15:02:09,sfreke22,ozambonini7,"Lorem ipsum dolor sit amet, consectetuer adipiscing elit."
2019/09/11,17:27:59,fshoard1y,mknollesgreen2f,Donec quis orci eget orci vehicula condimentum.
2020/04/20,9:11:51,gbaulch2,gpomery1p,In hac habitasse platea dictumst.
2020/04/25,10:41:46,gclemendotn,dschelleo,"Maecenas leo odio, condimentum id, luctus nec, molestie sed, justo."
2020/04/13,17:01:51,hstainerx,brainer23,Curabitur at ipsum ac tellus semper interdum.
2019/11/18,15:42:38,uyurchishin1b,nmckeevers14,Fusce posuere felis sed lacus.
2020/04/14,17:26:10,kespino6,ohayer9,In hac habitasse platea dictumst.
2019/10/23,20:26:01,ztosdevint,jgallandref,In quis justo.
2020/03/02,1:31:13,ztosdevint,mpolamontayne1n,Integer tincidunt ante vel ipsum.
2020/02/11,17:32:42,kbaffin1s,rpretsel11,Quisque ut erat.
2020/03/03,1:47:52,vruprecht17,zburnet2q,"Maecenas tristique, est et tempus semper, est quam pharetra magna, ac consequat metus sapien ut nunc."
2019/07/23,10:50:30,eoxenbury1z,fsiemon8,Quisque id justo sit amet sapien dignissim vestibulum.
2020/03/22,13:29:39,scripps2a,cdigle21,Vivamus tortor.
2019/12/24,23:10:56,sgolsonc,oguiver16,Nam nulla.
2019/07/25,22:02:48,crosborough1r,gbaulch2,"Quisque arcu libero, rutrum ac, lobortis vel, dapibus at, diam."
2019/06/28,20:44:31,bslatford1q,gbaulch2,Ut at dolor quis odio consequat varius.
2020/03/28,10:40:45,bhunday1g,shalwards,"Duis bibendum, felis sed interdum venenatis, turpis enim blandit mi, in porttitor pede justo eu massa."
2019/05/30,17:54:14,dblamphin1h,dhearnshaw2l,"Vivamus metus arcu, adipiscing molestie, hendrerit at, vulputate vitae, nisl."
2020/03/31,21:05:52,wcreevyq,qdigwoodk,Fusce posuere felis sed lacus.
2020/03/23,20:27:43,hallicock2o,fshoard1y,Nulla ac enim.
2019/11/24,9:06:22,jpunterh,wblamey2h,"Aliquam augue quam, sollicitudin vitae, consectetuer eget, rutrum at, lorem."
2019/08/15,22:03:34,mdwane1v,ohayer9,Pellentesque viverra pede ac diam.
2019/10/21,18:18:42,gclemendotn,cbouda12,Integer tincidunt ante vel ipsum.
2020/03/24,19:57:19,fmurfin2j,svasyutochkinj,Sed vel enim sit amet nunc viverra dapibus.
2019/10/29,5:15:52,wcreevyq,pelsegood2r,Morbi porttitor lorem id ligula.
2019/12/12,22:20:41,dpeart1t,mpolamontayne1n,Pellentesque eget nunc.
2019/08/02,17:48:16,kdavidsohna,sgolsonc,Praesent blandit lacinia erat.
2019/09/12,2:35:32,svasyutochkinj,qdigwoodk,Etiam justo.
2020/03/07,18:26:23,acrehan25,blinwoode,"Morbi vestibulum, velit id pretium iaculis, diam erat fermentum justo, nec condimentum neque sapien placerat ante."
2019/11/08,19:36:35,jpunterh,wfrounks1f,Maecenas rhoncus aliquam lacus.
2020/05/08,13:13:48,mhakeworth3,rleathers10,"Cras mi pede, malesuada in, imperdiet et, commodo vulputate, justo."
2020/03/01,13:13:37,bgarthside2k,kpagelsenw,Morbi non quam nec dui luctus rutrum.
2019/12/01,23:39:55,wfrounks1f,gbaulch2,Suspendisse ornare consequat lectus.
2020/04/12,21:09:11,fmurfin2j,lpariss2c,Nam tristique tortor eu pede.
2019/08/23,11:24:09,dschelleo,sfreke22,Suspendisse accumsan tortor quis turpis.
2019/10/11,15:31:02,pelsegood2r,sfreke22,"Nam ultrices, libero non mattis pulvinar, nulla pede ullamcorper augue, a suscipit nulla elit ac nulla."
2020/04/15,18:14:22,hallicock2o,oguiver16,Etiam pretium iaculis justo.
2019/11/12,8:16:13,ztosdevint,kjemmett27,Pellentesque viverra pede ac diam.
2019/09/29,11:21:38,nmckeevers14,sfreke22,Nulla mollis molestie lorem.
2019/06/22,3:46:22,lpariss2c,svasyutochkinj,"Quisque arcu libero, rutrum ac, lobortis vel, dapibus at, diam."
2020/01/01,1:16:01,boflannery1c,uyurchishin1b,Nullam sit amet turpis elementum ligula vehicula consequat.
2020/01/12,15:48:27,sleyshon26,boflannery1c,"Morbi vestibulum, velit id pretium iaculis, diam erat fermentum justo, nec condimentum neque sapien placerat ante."
2019/12/19,15:43:15,aminet1j,dblamphin1h,Morbi ut odio.
2019/12/31,15:00:15,ztosdevint,aminet1j,"Fusce lacus purus, aliquet at, feugiat non, pretium quis, lectus."
2019/06/05,1:32:27,ztosdevint,sleyshon26,In sagittis dui vel nisl.
2020/01/14,17:52:48,vthurbornu,jpettkov,Nulla nisl.
2020/02/03,19:09:12,lpariss2c,bhunday1g,Integer a nibh.
2020/03/09,13:03:18,dschelleo,kpagelsenw,Donec posuere metus vitae ipsum.
2019/08/20,19:43:52,itantum2g,vthurbornu,Cras in purus eu magna vulputate luctus.
2019/09/01,2:18:33,mrustedge1e,jmullenger2d,Aliquam quis turpis eget elit sodales scelerisque.
2019/09/22,12:29:15,mnorthleighi,ohayer9,Integer ac leo.
2020/01/07,17:00:06,mstoile2e,bgarthside2k,Sed sagittis.
2019/11/29,19:43:57,zburnet2q,hgolly13,Suspendisse potenti.
2019/11/27,15:55:57,mnorthleighi,kbaffin1s,Sed vel enim sit amet nunc viverra dapibus.
2019/08/04,18:08:15,dpeart1t,pgaukrodgey,"Proin leo odio, porttitor id, consequat in, consequat ut, nulla."
2019/05/10,13:21:16,mmallows15,nmckeevers14,Donec semper sapien a libero.
2020/04/30,1:10:00,gsquibe20,ztosdevint,Fusce posuere felis sed lacus.
2020/01/08,14:10:23,gdesborough1o,kpagelsenw,Nullam varius.
2019/05/23,18:29:20,acrehan25,dblamphin1h,In sagittis dui vel nisl.
2020/05/03,14:31:39,dcapoun1k,hfranckton1w,Curabitur at ipsum ac tellus semper interdum.
2020/01/25,20:05:10,aminet1j,nwraggs5,Etiam vel augue.
2019/12/16,17:30:21,pelsegood2r,mbullcock1d,Morbi ut odio.
2020/02/19,21:38:53,smccaughan29,kdavidsohna,"In tempor, turpis nec euismod scelerisque, quam turpis adipiscing lorem, vitae mattis nibh ligula nec sem."
2019/06/20,0:50:25,aallbutb,blinwoode,Pellentesque eget nunc.
2019/05/18,4:09:14,dblamphin1h,sspyby1l,"Cum sociis natoque penatibus et magnis dis parturient montes, nascetur ridiculus mus."
2019/10/09,10:58:21,ozambonini7,bgoter2p,Nunc purus.
2019/09/13,21:34:26,ntotherr,rpretsel11,"Mauris enim leo, rhoncus sed, vestibulum sit amet, cursus id, turpis."
2020/02/11,10:07:32,hallicock2o,brainer23,Proin at turpis a pede posuere nonummy.
2020/04/13,11:37:48,bhunday1g,ohayer9,Morbi vel lectus in quam fringilla rhoncus.
2019/11/01,1:33:35,awesthoferd,sspyby1l,Morbi non quam nec dui luctus rutrum.
2019/08/10,9:34:56,hfranckton1w,vthurbornu,Vestibulum sed magna at nunc commodo placerat.
2019/10/27,21:37:00,mmallows15,gsquibe20,Morbi porttitor lorem id ligula.
2020/05/07,21:10:29,fsiemon8,dcapoun1k,Nulla suscipit ligula in lacus.
2020/03/29,7:50:35,pelsegood2r,sspyby1l,Mauris ullamcorper purus sit amet nulla.
2020/04/12,14:59:08,pelsegood2r,kbaffin1s,Vestibulum ac est lacinia nisi venenatis tristique.
2019/07/15,4:32:04,awesthoferd,pelsegood2r,"Cras mi pede, malesuada in, imperdiet et, commodo vulputate, justo."
2019/07/27,6:23:13,rleathers10,mstyle1a,Integer a nibh.
2020/04/27,8:42:10,nwraggs5,kespino6,Vestibulum rutrum rutrum neque.
2020/05/01,6:30:39,smccaughan29,eoxenbury1z,In hac habitasse platea dictumst.
2020/01/06,10:10:44,vruprecht17,vruprecht17,Ut tellus.
2019/07/22,21:49:57,ozambonini7,stroutbeckm,Fusce consequat.
2019/06/09,6:29:19,uyurchishin1b,ntotherr,Vestibulum rutrum rutrum neque.
2019/12/03,12:47:29,shalwards,dhearnshaw2l,Phasellus in felis.
2019/09/25,0:52:33,nmckeevers14,jpunterh,Nam nulla.
2019/09/01,8:24:16,crosborough1r,fshoard1y,Quisque id justo sit amet sapien dignissim vestibulum.
2019/12/16,21:13:02,agreenroydz,sfreke22,Mauris lacinia sapien quis libero.
2020/03/25,20:07:23,wbessettp,ztosdevint,Vestibulum ante ipsum primis in faucibus orci luctus et ultrices posuere cubilia Curae; Duis faucibus accumsan odio.
2019/10/22,21:33:52,ztosdevint,gclemendotn,Aenean auctor gravida sem.
2019/12/13,1:05:59,lfullom2m,gclemendotn,Integer tincidunt ante vel ipsum.
2020/03/22,7:33:39,mpolamontayne1n,wbessettp,Nam tristique tortor eu pede.
2020/02/22,13:48:55,mrustedge1e,srobertacci28,Donec posuere metus vitae ipsum.
2019/12/17,0:30:15,hallicock2o,stroutbeckm,Sed sagittis.
2020/01/06,16:38:51,ohayer9,mhakeworth3,"Aliquam augue quam, sollicitudin vitae, consectetuer eget, rutrum at, lorem."
2019/06/11,2:58:11,gclemendotn,bhunday1g,Integer ac neque.
2019/12/01,13:42:26,blinwoode,bgoter2p,Sed vel enim sit amet nunc viverra dapibus.
2019/12/20,5:22:19,zburnet2q,mpolamontayne1n,Nulla suscipit ligula in lacus.
2020/02/22,3:43:18,fsiemon8,cdigle21,Duis at velit eu est congue elementum.
2019/11/01,18:26:32,jjurgensen1,kpagelsenw,Duis aliquam convallis nunc.
2019/08/19,22:57:13,dblamphin1h,cdigle21,Fusce consequat.
2019/05/30,11:16:42,aminet1j,mstyle1a,Mauris sit amet eros.
2019/10/26,6:19:54,boflannery1c,ozambonini7,Vivamus vestibulum sagittis sapien.
2019/07/13,3:42:39,aminet1j,smccaughan29,Vivamus vel nulla eget eros elementum pellentesque.
2019/07/08,9:47:13,kdavidsohna,cdigle21,Vestibulum rutrum rutrum neque.
2019/07/28,5:41:10,wcarlan2b,kbabington1u,Aliquam quis turpis eget elit sodales scelerisque.
2020/02/06,15:51:55,cbartoszek1m,gdesborough1o,Nam dui.
2019/09/08,9:32:26,boflannery1c,wcreevyq,Pellentesque eget nunc.
2019/08/15,8:51:21,wfrounks1f,agreenroydz,Suspendisse ornare consequat lectus.
2019/09/16,2:57:03,ozambonini7,pelsegood2r,Morbi ut odio.
2020/02/19,21:09:06,nmckeevers14,gclemendotn,"Cum sociis natoque penatibus et magnis dis parturient montes, nascetur ridiculus mus."
2020/01/15,19:43:23,pgaukrodgey,mknollesgreen2f,"Lorem ipsum dolor sit amet, consectetuer adipiscing elit."
2019/10/31,22:49:38,mbullcock1d,gsquibe20,"Morbi odio odio, elementum eu, interdum eu, tincidunt in, leo."
2019/12/08,9:44:20,wfrounks1f,cduckinfield1i,"Morbi vestibulum, velit id pretium iaculis, diam erat fermentum justo, nec condimentum neque sapien placerat ante."
2020/05/06,1:54:31,gdesborough1o,mhakeworth3,Maecenas pulvinar lobortis est.
2019/12/29,6:49:08,ztosdevint,qdigwoodk,Pellentesque viverra pede ac diam.
2019/06/23,9:25:54,scripps2a,kjemmett27,Morbi quis tortor id nulla ultrices aliquet.
2020/03/07,8:14:39,ekingswoode24,hallicock2o,Morbi quis tortor id nulla ultrices aliquet.
2019/05/30,2:07:07,mstyle1a,ntotherr,Proin at turpis a pede posuere nonummy.
2020/02/04,23:09:40,jpettkov,ohayer9,Pellentesque at nulla.
2019/06/26,10:10:56,qdigwoodk,jmullenger2d,Integer a nibh.
2019/11/16,8:25:55,mnorthleighi,fshoard1y,Nunc rhoncus dui vel sem.
2019/08/19,23:00:16,blinwoode,scripps2a,Ut tellus.
2019/06/26,0:46:16,cdigle21,mdwane1v,Curabitur at ipsum ac tellus semper interdum.
2020/01/13,23:33:11,kmcgettigan1x,fshade2i,Suspendisse potenti.
2019/10/24,22:08:24,shalwards,hstainerx,Curabitur gravida nisi at nibh.
2019/12/09,14:03:45,mpolamontayne1n,awesthoferd,Cras pellentesque volutpat dui.
2019/08/14,9:18:11,smccaughan29,pgot2n,Curabitur in libero ut massa volutpat convallis.
2019/12/23,2:29:25,dhearnshaw2l,acrehan25,Vestibulum ante ipsum primis in faucibus orci luctus et ultrices posuere cubilia Curae; Mauris viverra diam vitae quam.
2020/04/13,20:32:31,bgarthside2k,vruprecht17,Duis consequat dui nec nisi volutpat eleifend.
2020/02/19,8:49:46,awesthoferd,boflannery1c,Sed vel enim sit amet nunc viverra dapibus.
2019/08/21,18:45:03,mstoile2e,qdigwoodk,Proin interdum mauris non ligula pellentesque ultrices.
2019/12/08,18:27:15,mbullcock1d,itantum2g,Aenean fermentum.
2019/07/06,20:07:26,sleyshon26,kpagelsenw,Mauris sit amet eros.
2019/06/14,6:49:02,itantum2g,vthurbornu,Vivamus tortor.
2019/06/19,13:22:06,pgot2n,wcreevyq,Integer tincidunt ante vel ipsum.
2019/11/28,14:48:10,kpagelsenw,rleathers10,Etiam justo.
2019/10/15,18:13:34,rleathers10,eoxenbury1z,Nulla suscipit ligula in lacus.
2020/01/30,22:33:48,pgaukrodgey,ttolcherg,In hac habitasse platea dictumst.
2020/05/03,6:10:56,vthurbornu,jjurgensen1,Integer tincidunt ante vel ipsum.
2019/07/26,4:31:17,bgarthside2k,ttolcherg,Maecenas tincidunt lacus at velit.
2020/01/10,12:19:34,jpunterh,ekingswoode24,In eleifend quam a odio.
2020/04/06,6:38:29,sgolsonc,rflindalll,Morbi non lectus.
2020/03/13,2:30:13,kbaffin1s,bhunday1g,Maecenas ut massa quis augue luctus tincidunt.
2020/01/06,7:04:58,mknollesgreen2f,nwraggs5,Suspendisse ornare consequat lectus.
2020/02/01,1:08:08,qdigwoodk,jpettkov,Praesent blandit lacinia erat.
2019/10/14,1:22:57,rleathers10,dblamphin1h,Ut tellus.
2019/11/24,17:13:05,jpunterh,stroutbeckm,Praesent lectus.
2019/12/22,20:08:46,agreenroydz,hstainerx,Aenean sit amet justo.
2019/11/24,0:00:22,ekingswoode24,ekingswoode24,In hac habitasse platea dictumst.
2019/12/14,21:21:34,hfranckton1w,ozambonini7,Nulla justo.
2019/11/17,14:09:52,mstyle1a,aallbutb,Etiam pretium iaculis justo.
2020/02/26,3:23:46,jmullenger2d,pgot2n,Curabitur in libero ut massa volutpat convallis.
2019/12/22,16:32:06,gbaulch2,fshoard1y,Aliquam erat volutpat.
2019/11/08,9:04:12,ntotherr,vthurbornu,Curabitur gravida nisi at nibh.
2019/10/27,22:43:44,mknollesgreen2f,gbaulch2,Nullam molestie nibh in lectus.
2019/11/09,6:32:46,sleyshon26,wbessettp,Vestibulum ante ipsum primis in faucibus orci luctus et ultrices posuere cubilia Curae; Duis faucibus accumsan odio.
2020/02/10,17:24:17,snusche4,evicker18,"In est risus, auctor sed, tristique in, tempus sit amet, sem."
2019/08/09,4:52:22,scripps2a,ohayer9,Nulla mollis molestie lorem.
2019/06/17,9:39:02,aallbutb,eoxenbury1z,Nulla tempus.
2019/10/02,6:21:14,hallicock2o,sgolsonc,Sed accumsan felis.
2019/10/10,0:09:44,ttolcherg,rleathers10,Donec ut mauris eget massa tempor convallis.
2019/05/19,17:42:41,jjurgensen1,crosborough1r,"Vivamus metus arcu, adipiscing molestie, hendrerit at, vulputate vitae, nisl."
2019/09/05,21:33:03,qdigwoodk,lpariss2c,Morbi non quam nec dui luctus rutrum.
2019/06/04,4:17:12,eoxenbury1z,mstyle1a,Pellentesque at nulla.
2019/11/25,22:03:33,aallbutb,mrustedge1e,Fusce consequat.
2019/09/11,12:10:51,kmcgettigan1x,smccaughan29,Donec ut dolor.
2019/06/07,21:07:14,aallbutb,vthurbornu,Praesent id massa id nisl venenatis lacinia.
2020/04/19,10:12:44,nwraggs5,mstyle1a,"Nullam orci pede, venenatis non, sodales sed, tincidunt eu, felis."
2019/09/04,15:09:30,bgarthside2k,rpretsel11,Vivamus in felis eu sapien cursus vestibulum.
2020/04/22,16:30:18,brainer23,mhakeworth3,Fusce posuere felis sed lacus.
2020/04/02,5:44:39,sfreke22,sfreke22,Nulla nisl.
2019/11/16,20:10:44,kbabington1u,mknollesgreen2f,Nulla suscipit ligula in lacus.
2020/02/17,7:46:29,sgolsonc,smccaughan29,Etiam vel augue.
2019/09/06,20:55:49,mmallows15,sleyshon26,Suspendisse ornare consequat lectus.
2019/11/06,8:07:34,mdwane1v,lpariss2c,"Maecenas tristique, est et tempus semper, est quam pharetra magna, ac consequat metus sapien ut nunc."
2019/12/20,13:35:50,kbaffin1s,vthurbornu,Vestibulum sed magna at nunc commodo placerat.
2019/12/03,13:46:44,oguiver16,mstyle1a,Maecenas pulvinar lobortis est.
2019/07/30,8:38:32,fmurfin2j,jgallandref,Nullam sit amet turpis elementum ligula vehicula consequat.
2019/09/24,17:41:19,jgallandref,mhakeworth3,Duis bibendum.
2019/10/11,22:50:30,sleyshon26,boflannery1c,Nunc purus.
2019/10/07,11:48:18,cbartoszek1m,awesthoferd,Donec posuere metus vitae ipsum.
2020/04/20,17:03:01,crosborough1r,svasyutochkinj,Curabitur gravida nisi at nibh.
2020/02/20,8:11:23,gdesborough1o,qdigwoodk,Morbi non quam nec dui luctus rutrum.
2019/08/28,12:16:24,rflindalll,wblamey2h,Vivamus vestibulum sagittis sapien.
2020/02/05,2:50:47,dpeart1t,rleathers10,Proin risus.
2019/11/28,13:09:24,svasyutochkinj,gpomery1p,Vivamus vestibulum sagittis sapien.
2019/12/08,6:36:31,bgarthside2k,gclemendotn,Nam nulla.
2019/12/09,7:01:40,kmcgettigan1x,cbartoszek1m,In hac habitasse platea dictumst.
2019/09/13,7:58:30,dpeart1t,wcreevyq,Sed accumsan felis.
2020/03/18,20:13:27,kpagelsenw,scripps2a,Phasellus id sapien in sapien iaculis congue.
2019/06/19,12:16:09,kjemmett27,dpeart1t,"Quisque erat eros, viverra eget, congue eget, semper rutrum, nulla."
2019/08/16,6:56:01,rflindalll,pelsegood2r,Donec vitae nisi.
2019/12/07,14:06:23,mnorthleighi,cbartoszek1m,Proin risus.
2019/08/18,12:31:13,acrehan25,ztosdevint,Nulla justo.
2019/11/12,12:14:10,ztosdevint,fshoard1y,"Fusce lacus purus, aliquet at, feugiat non, pretium quis, lectus."
2020/02/03,0:48:09,gbaulch2,gsquibe20,"Cum sociis natoque penatibus et magnis dis parturient montes, nascetur ridiculus mus."
2019/07/29,15:44:53,kjemmett27,nwraggs5,"Fusce lacus purus, aliquet at, feugiat non, pretium quis, lectus."
2019/05/25,16:22:09,mstoile2e,mstoile2e,"Duis bibendum, felis sed interdum venenatis, turpis enim blandit mi, in porttitor pede justo eu massa."
2020/03/14,20:56:08,bhunday1g,scripps2a,Duis ac nibh.
2019/10/17,12:16:44,wcreevyq,ntotherr,Praesent id massa id nisl venenatis lacinia.
2019/08/12,8:35:35,cbouda12,shalwards,"Cum sociis natoque penatibus et magnis dis parturient montes, nascetur ridiculus mus."
2019/05/18,7:47:46,ztosdevint,mbullcock1d,"Aliquam augue quam, sollicitudin vitae, consectetuer eget, rutrum at, lorem."
2020/03/12,9:22:04,mpolamontayne1n,kmcgettigan1x,Suspendisse potenti.
2019/10/26,22:46:49,pgot2n,ttolcherg,"Proin leo odio, porttitor id, consequat in, consequat ut, nulla."
2019/11/19,11:23:28,sspyby1l,wfrounks1f,"Morbi odio odio, elementum eu, interdum eu, tincidunt in, leo."
2020/04/16,23:23:57,cdigle21,pgot2n,Phasellus in felis.
2019/08/12,11:39:16,mbullcock1d,mbullcock1d,Aenean fermentum.
2020/01/20,7:03:31,lfullom2m,mknollesgreen2f,Sed accumsan felis.
2020/03/10,15:47:37,hstainerx,wfrounks1f,Morbi ut odio.
2020/04/10,5:03:31,pgot2n,mnorthleighi,"Cum sociis natoque penatibus et magnis dis parturient montes, nascetur ridiculus mus."
2020/02/03,21:10:12,jpettkov,eoxenbury1z,Nam tristique tortor eu pede.
2020/02/10,12:32:43,sleyshon26,bhunday1g,Pellentesque eget nunc.
2019/06/11,19:42:50,ntotherr,kjemmett27,Duis ac nibh.
2019/06/28,1:33:16,stroutbeckm,lpariss2c,Aenean auctor gravida sem.
2019/12/18,20:28:38,dschelleo,wcreevyq,Sed accumsan felis.
2019/08/01,8:05:57,jmullenger2d,rflindalll,Mauris sit amet eros.
2019/09/09,1:40:29,mdwane1v,sspyby1l,Vestibulum rutrum rutrum neque.
2019/07/13,22:29:57,gsquibe20,jpettkov,Integer non velit.
2020/02/02,5:31:47,gclemendotn,ekingswoode24,Suspendisse potenti.
2019/07/07,8:29:13,srobertacci28,gclemendotn,Curabitur in libero ut massa volutpat convallis.
2020/01/03,11:22:32,gsquibe20,ztosdevint,"Integer pede justo, lacinia eget, tincidunt eget, tempus vel, pede."
2019/05/23,3:19:47,blinwoode,bslatford1q,"Vivamus metus arcu, adipiscing molestie, hendrerit at, vulputate vitae, nisl."
2019/06/10,21:58:37,dpeart1t,mbullcock1d,"Donec odio justo, sollicitudin ut, suscipit a, feugiat et, eros."
2020/05/01,9:28:42,lfullom2m,mstoile2e,Fusce consequat.
2020/02/09,3:26:26,gbaulch2,gdesborough1o,In eleifend quam a odio.
2019/07/21,3:04:16,vthurbornu,svasyutochkinj,"Integer pede justo, lacinia eget, tincidunt eget, tempus vel, pede."
2019/09/12,3:46:56,itantum2g,wcarlan2b,Suspendisse ornare consequat lectus.
2020/01/25,14:28:30,fmurfin2j,smccaughan29,Sed sagittis.
2019/08/08,19:39:54,hfranckton1w,rleathers10,Cras in purus eu magna vulputate luctus.
2020/03/06,3:18:30,mhakeworth3,nmckeevers14,Nulla justo.
2020/01/12,2:31:43,hfranckton1w,boflannery1c,"Donec odio justo, sollicitudin ut, suscipit a, feugiat et, eros."
2020/01/23,21:04:40,smccaughan29,sleyshon26,Maecenas rhoncus aliquam lacus.
2019/06/10,4:15:59,gdesborough1o,brainer23,Morbi porttitor lorem id ligula.
2019/06/22,6:54:35,mpolamontayne1n,scripps2a,Praesent lectus.
2020/04/24,8:18:33,gsquibe20,agreenroydz,In congue.
2020/03/19,23:12:15,hgolly13,gclemendotn,"Lorem ipsum dolor sit amet, consectetuer adipiscing elit."
2019/05/19,2:32:30,ntotherr,mbullcock1d,Vivamus vel nulla eget eros elementum pellentesque.
2019/10/04,9:09:21,cbartoszek1m,srobertacci28,"Maecenas leo odio, condimentum id, luctus nec, molestie sed, justo."
2019/11/28,5:33:25,sleyshon26,smccaughan29,Fusce posuere felis sed lacus.
2019/10/06,20:24:45,mstyle1a,hallicock2o,"Cum sociis natoque penatibus et magnis dis parturient montes, nascetur ridiculus mus."
2019/07/07,14:53:51,kbabington1u,wfrounks1f,Nullam varius.
2019/05/18,16:38:55,mdwane1v,sspyby1l,Pellentesque ultrices mattis odio.
2020/01/04,5:46:05,mstyle1a,mpolamontayne1n,Fusce consequat.
2020/02/24,7:37:32,ttolcherg,boflannery1c,Cras pellentesque volutpat dui.
2019/10/01,21:06:13,ttolcherg,smccaughan29,Integer ac leo.
2019/12/08,5:35:07,kbabington1u,ohayer9,In congue.
2019/08/31,20:49:42,kjemmett27,jpettkov,Nulla facilisi.
2019/11/08,15:55:10,mmallows15,cduckinfield1i,Nunc purus.
2019/12/03,12:39:02,agreenroydz,ttolcherg,Maecenas tincidunt lacus at velit.
2020/04/12,19:39:29,dcapoun1k,bgarthside2k,Suspendisse potenti.
2019/11/23,20:23:26,fshade2i,sspyby1l,Pellentesque viverra pede ac diam.
2020/04/08,19:00:43,jpettkov,mstyle1a,Cras non velit nec nisi vulputate nonummy.
2020/02/28,2:08:30,cbartoszek1m,pgot2n,Nulla ac enim.
2019/08/12,2:08:32,fsiemon8,smccaughan29,Pellentesque ultrices mattis odio.
2019/11/07,13:02:09,eoxenbury1z,vthurbornu,"Lorem ipsum dolor sit amet, consectetuer adipiscing elit."
2020/04/24,3:10:00,awesthoferd,dhearnshaw2l,"Donec odio justo, sollicitudin ut, suscipit a, feugiat et, eros."
2019/08/06,9:12:05,svasyutochkinj,kjemmett27,Sed accumsan felis.
2019/08/05,11:25:41,kjemmett27,cbartoszek1m,"Cum sociis natoque penatibus et magnis dis parturient montes, nascetur ridiculus mus."
2020/01/22,6:14:59,mrustedge1e,jpunterh,Cras non velit nec nisi vulputate nonummy.
2020/03/19,0:13:45,brainer23,smccaughan29,Nulla facilisi.
2020/04/13,18:50:12,kbolsover19,snusche4,Integer non velit.
2019/07/07,17:06:56,fmurfin2j,gsquibe20,Vivamus tortor.
2020/03/08,15:21:59,kbaffin1s,fmurfin2j,Sed vel enim sit amet nunc viverra dapibus.
2019/10/18,9:23:36,gsquibe20,wcarlan2b,Integer ac neque.
2020/01/08,4:06:00,stroutbeckm,vruprecht17,"Nulla neque libero, convallis eget, eleifend luctus, ultricies eu, nibh."
2019/07/31,2:56:29,wcarlan2b,mnorthleighi,"Aliquam augue quam, sollicitudin vitae, consectetuer eget, rutrum at, lorem."
2020/02/14,2:31:43,sleyshon26,bhunday1g,"Cum sociis natoque penatibus et magnis dis parturient montes, nascetur ridiculus mus."
2020/01/31,0:02:42,mstyle1a,pgaukrodgey,Mauris lacinia sapien quis libero.
2019/05/25,7:32:57,evicker18,srobertacci28,Cras non velit nec nisi vulputate nonummy.
2019/05/11,15:35:31,jpunterh,agreenroydz,Sed accumsan felis.
2020/04/10,22:48:18,mbullcock1d,hallicock2o,Vestibulum ante ipsum primis in faucibus orci luctus et ultrices posuere cubilia Curae; Mauris viverra diam vitae quam.
2019/11/09,7:54:12,aminet1j,ztosdevint,"Quisque erat eros, viverra eget, congue eget, semper rutrum, nulla."
2019/10/04,6:55:04,mstyle1a,bhunday1g,Donec ut mauris eget massa tempor convallis.
2020/01/08,3:53:27,ozambonini7,wblamey2h,Vestibulum sed magna at nunc commodo placerat.
2019/05/11,17:12:17,evicker18,bslatford1q,"Mauris enim leo, rhoncus sed, vestibulum sit amet, cursus id, turpis."
2019/12/16,6:17:04,fsiemon8,sleyshon26,"Maecenas tristique, est et tempus semper, est quam pharetra magna, ac consequat metus sapien ut nunc."
2019/05/28,13:08:50,sfreke22,wblamey2h,Integer a nibh.
2019/12/27,16:05:37,fshoard1y,uyurchishin1b,Aliquam non mauris.
2020/03/23,19:11:58,cdigle21,bhunday1g,"Fusce congue, diam id ornare imperdiet, sapien urna pretium nisl, ut volutpat sapien arcu sed augue."
2019/12/23,19:41:14,fsiemon8,fsiemon8,Vestibulum rutrum rutrum neque.
2019/07/16,21:54:35,hstainerx,rpretsel11,In hac habitasse platea dictumst.
2020/05/08,5:31:49,jpunterh,ozambonini7,Proin risus.
2019/12/11,5:23:08,acrehan25,fshade2i,Vestibulum ante ipsum primis in faucibus orci luctus et ultrices posuere cubilia Curae; Nulla dapibus dolor vel est.
2020/04/15,20:15:44,kbaffin1s,jpunterh,Nulla suscipit ligula in lacus.
2020/04/06,13:16:32,mhakeworth3,acrehan25,Vivamus vestibulum sagittis sapien.
2019/06/26,6:32:16,hstainerx,mpolamontayne1n,Nulla ac enim.
2020/03/13,0:37:37,shalwards,lpariss2c,Morbi quis tortor id nulla ultrices aliquet.
2020/02/09,5:37:13,kbolsover19,bslatford1q,"Lorem ipsum dolor sit amet, consectetuer adipiscing elit."
2020/05/06,22:44:58,agreenroydz,bhunday1g,Fusce consequat.
2020/04/12,19:37:56,kbabington1u,aallbutb,Mauris sit amet eros.
2019/11/15,11:41:26,agreenroydz,pelsegood2r,Vestibulum ante ipsum primis in faucibus orci luctus et ultrices posuere cubilia Curae; Nulla dapibus dolor vel est.
2020/02/14,8:40:17,kdavidsohna,hallicock2o,Mauris ullamcorper purus sit amet nulla.
2019/09/22,10:31:41,gpomery1p,sgolsonc,Curabitur convallis.
2020/04/26,16:14:19,jpettkov,kbaffin1s,In quis justo.
2019/12/28,17:01:09,dcapoun1k,rleathers10,Etiam vel augue.
2019/07/02,22:11:01,mnorthleighi,kjemmett27,Vivamus in felis eu sapien cursus vestibulum.
2019/05/17,16:25:10,dpeart1t,ttolcherg,Nulla justo.
2019/08/18,11:39:47,wbessettp,rpretsel11,Donec dapibus.
2019/12/11,3:38:54,kjemmett27,sspyby1l,Donec quis orci eget orci vehicula condimentum.
2020/03/17,20:42:22,bslatford1q,jpunterh,Etiam vel augue.
2019/06/29,20:19:30,fshoard1y,wbessettp,"Quisque arcu libero, rutrum ac, lobortis vel, dapibus at, diam."
2019/12/04,15:25:09,eoxenbury1z,aallbutb,"Nam ultrices, libero non mattis pulvinar, nulla pede ullamcorper augue, a suscipit nulla elit ac nulla."
2020/03/06,13:41:35,mmallows15,uyurchishin1b,"Mauris enim leo, rhoncus sed, vestibulum sit amet, cursus id, turpis."
2020/02/19,5:41:21,gdesborough1o,wcreevyq,"Morbi vestibulum, velit id pretium iaculis, diam erat fermentum justo, nec condimentum neque sapien placerat ante."
2019/06/23,16:32:19,mpolamontayne1n,acrehan25,Donec semper sapien a libero.
2019/08/20,13:27:19,gdesborough1o,lpariss2c,Donec vitae nisi.
2019/12/22,7:38:01,agreenroydz,vruprecht17,Nulla suscipit ligula in lacus.
2019/06/04,12:13:35,gbaulch2,ozambonini7,Morbi vel lectus in quam fringilla rhoncus.
2019/09/07,15:37:41,evicker18,wfrounks1f,"Vivamus metus arcu, adipiscing molestie, hendrerit at, vulputate vitae, nisl."
2019/09/21,20:28:57,bgarthside2k,ozambonini7,Phasellus in felis.
2019/06/16,23:56:23,blinwoode,bhunday1g,Nullam molestie nibh in lectus.
2019/11/02,21:03:48,svasyutochkinj,mrustedge1e,Quisque id justo sit amet sapien dignissim vestibulum.
2020/04/09,1:16:53,itantum2g,hstainerx,Duis ac nibh.
2019/07/13,7:40:14,dschelleo,ntotherr,Nam dui.
2019/09/27,9:14:40,fmurfin2j,ztosdevint,Praesent id massa id nisl venenatis lacinia.
2019/05/10,10:35:05,dschelleo,kjemmett27,Fusce posuere felis sed lacus.
2020/04/23,5:04:30,vthurbornu,scripps2a,Quisque porta volutpat erat.
2019/07/20,5:48:40,wcarlan2b,mstoile2e,Maecenas rhoncus aliquam lacus.
2020/02/10,7:55:36,cbouda12,jpunterh,Vivamus vestibulum sagittis sapien.
2019/08/16,9:13:59,gsquibe20,hfranckton1w,"Mauris enim leo, rhoncus sed, vestibulum sit amet, cursus id, turpis."
2020/04/12,13:29:31,hstainerx,bhunday1g,In quis justo.
2019/08/22,13:14:20,lpariss2c,eoxenbury1z,"Vestibulum quam sapien, varius ut, blandit non, interdum in, ante."
2020/04/27,13:57:42,wbessettp,itantum2g,Nunc purus.
2020/01/18,15:53:38,bslatford1q,aminet1j,Nullam varius.
2020/04/11,2:26:29,boflannery1c,svasyutochkinj,"Vestibulum quam sapien, varius ut, blandit non, interdum in, ante."
2019/09/24,9:10:03,awesthoferd,sspyby1l,Integer ac leo.
2019/07/10,23:55:59,ohayer9,gpomery1p,Vestibulum ac est lacinia nisi venenatis tristique.
2019/09/13,23:05:30,kjemmett27,mbullcock1d,Integer tincidunt ante vel ipsum.
2019/10/20,9:44:42,jmullenger2d,ozambonini7,Maecenas ut massa quis augue luctus tincidunt.
2019/11/04,4:19:18,ttolcherg,gpomery1p,Duis bibendum.
2020/04/27,8:14:21,smccaughan29,wcreevyq,Duis at velit eu est congue elementum.
2019/12/26,6:15:32,kespino6,nmckeevers14,Nam dui.
2020/04/17,19:04:01,wcarlan2b,zburnet2q,"Maecenas leo odio, condimentum id, luctus nec, molestie sed, justo."
2020/01/24,11:43:02,fmurfin2j,aminet1j,"Maecenas leo odio, condimentum id, luctus nec, molestie sed, justo."
2019/08/15,20:08:57,cdigle21,bslatford1q,Donec ut dolor.
2020/03/04,0:44:25,bgarthside2k,ntotherr,Duis at velit eu est congue elementum.
2020/01/10,4:00:16,rleathers10,ttolcherg,Vestibulum ante ipsum primis in faucibus orci luctus et ultrices posuere cubilia Curae; Nulla dapibus dolor vel est.
2020/04/17,3:21:07,itantum2g,bslatford1q,Duis consequat dui nec nisi volutpat eleifend.
2019/06/20,15:29:44,pgaukrodgey,agreenroydz,Etiam faucibus cursus urna.
2019/08/22,6:30:06,gpomery1p,zburnet2q,Aenean auctor gravida sem.
2020/01/16,12:08:14,jjurgensen1,gpomery1p,In hac habitasse platea dictumst.
2019/12/04,21:24:49,wbessettp,blinwoode,Duis bibendum.
2019/05/22,13:05:35,pgaukrodgey,mnorthleighi,Etiam justo.
2019/07/20,13:14:08,scripps2a,sspyby1l,"In tempor, turpis nec euismod scelerisque, quam turpis adipiscing lorem, vitae mattis nibh ligula nec sem."
2020/04/15,20:08:25,kdavidsohna,brainer23,Nulla ut erat id mauris vulputate elementum.
2019/07/13,9:32:00,mrustedge1e,srobertacci28,Duis bibendum.
2019/11/26,20:36:51,kbabington1u,pelsegood2r,Fusce posuere felis sed lacus.
2019/06/30,22:58:38,fshoard1y,dcapoun1k,Vestibulum sed magna at nunc commodo placerat.
2019/08/02,19:03:50,bgarthside2k,fshoard1y,"In est risus, auctor sed, tristique in, tempus sit amet, sem."
2020/01/08,2:29:13,gdesborough1o,kmcgettigan1x,Sed accumsan felis.
2019/11/15,10:22:04,fshoard1y,ekingswoode24,Phasellus id sapien in sapien iaculis congue.
2020/02/14,21:03:38,jpunterh,oguiver16,Donec ut dolor.
2019/11/10,4:08:10,agreenroydz,kmcgettigan1x,Etiam vel augue.
2020/01/15,9:38:59,rpretsel11,boflannery1c,Nullam porttitor lacus at turpis.
2019/09/27,12:57:28,boflannery1c,wbessettp,Praesent blandit lacinia erat.
2019/07/02,23:03:33,aallbutb,uyurchishin1b,Sed ante.
2019/09/24,7:38:34,hgolly13,jgallandref,Nulla tempus.
2020/04/24,22:38:07,bgarthside2k,kmcgettigan1x,"Nam ultrices, libero non mattis pulvinar, nulla pede ullamcorper augue, a suscipit nulla elit ac nulla."
2019/08/24,6:21:24,dblamphin1h,brainer23,Aenean sit amet justo.
2019/08/16,0:46:20,stroutbeckm,fshoard1y,Nulla facilisi.
2019/11/11,0:07:17,oguiver16,rpretsel11,Aenean lectus.
2020/04/14,21:58:10,jjurgensen1,hgolly13,Suspendisse potenti.
2020/05/03,6:04:59,sfreke22,mmallows15,"In est risus, auctor sed, tristique in, tempus sit amet, sem."
2019/12/15,7:30:38,gpomery1p,ohayer9,Sed vel enim sit amet nunc viverra dapibus.
2019/06/05,19:58:42,hgolly13,fshoard1y,Morbi vel lectus in quam fringilla rhoncus.
2020/03/22,20:25:17,svasyutochkinj,rflindalll,Proin risus.
2019/05/13,0:39:05,bgarthside2k,mstoile2e,Fusce posuere felis sed lacus.
2020/03/27,9:03:53,jpettkov,kmcgettigan1x,"Fusce lacus purus, aliquet at, feugiat non, pretium quis, lectus."
2019/11/14,9:45:33,crosborough1r,srobertacci28,"Nulla neque libero, convallis eget, eleifend luctus, ultricies eu, nibh."
2019/09/23,7:05:48,gbaulch2,aallbutb,Curabitur gravida nisi at nibh.
2019/12/16,6:14:35,kpagelsenw,zburnet2q,"Integer aliquet, massa id lobortis convallis, tortor risus dapibus augue, vel accumsan tellus nisi eu orci."
2020/03/25,19:40:14,wcarlan2b,mdwane1v,Nullam sit amet turpis elementum ligula vehicula consequat.
2020/03/01,2:21:54,acrehan25,stroutbeckm,"Cum sociis natoque penatibus et magnis dis parturient montes, nascetur ridiculus mus."
2019/06/13,19:07:47,jgallandref,bhunday1g,"Donec odio justo, sollicitudin ut, suscipit a, feugiat et, eros."
2020/04/15,7:21:05,kespino6,crosborough1r,Suspendisse potenti.
2019/12/22,5:56:21,wcreevyq,dpeart1t,"Nullam orci pede, venenatis non, sodales sed, tincidunt eu, felis."
2019/07/29,20:20:03,ntotherr,dcapoun1k,Vivamus tortor.
2019/10/09,21:05:02,dhearnshaw2l,blinwoode,Vivamus in felis eu sapien cursus vestibulum.
2020/03/18,10:42:27,mstoile2e,scripps2a,Nullam varius.
2019/05/26,7:38:28,kbaffin1s,fshoard1y,Duis bibendum.
2020/04/22,22:50:54,ntotherr,vruprecht17,Nullam varius.
2019/09/17,0:09:08,bgoter2p,wbessettp,Suspendisse ornare consequat lectus.
2020/03/15,18:32:13,fshade2i,shalwards,Maecenas pulvinar lobortis est.
2019/12/05,20:57:34,mpolamontayne1n,crosborough1r,"In est risus, auctor sed, tristique in, tempus sit amet, sem."
2020/01/04,16:57:01,crosborough1r,rflindalll,Etiam pretium iaculis justo.
2019/10/07,20:43:54,ozambonini7,mnorthleighi,"Fusce congue, diam id ornare imperdiet, sapien urna pretium nisl, ut volutpat sapien arcu sed augue."
2019/08/30,23:35:08,mstoile2e,kespino6,Morbi porttitor lorem id ligula.
2019/07/25,3:44:49,eoxenbury1z,scripps2a,"Integer pede justo, lacinia eget, tincidunt eget, tempus vel, pede."
2020/03/30,23:19:15,boflannery1c,wfrounks1f,Proin risus.
2019/05/17,21:16:20,ztosdevint,shalwards,"Proin leo odio, porttitor id, consequat in, consequat ut, nulla."
2019/11/21,17:40:16,pgot2n,rpretsel11,Nullam porttitor lacus at turpis.
2019/07/23,16:19:57,mmallows15,mpolamontayne1n,"Morbi odio odio, elementum eu, interdum eu, tincidunt in, leo."
2019/05/15,23:41:50,gclemendotn,kdavidsohna,Praesent id massa id nisl venenatis lacinia.
2019/10/05,11:47:24,blinwoode,shalwards,Nam nulla.
2020/05/08,18:25:40,fshade2i,bgoter2p,"In tempor, turpis nec euismod scelerisque, quam turpis adipiscing lorem, vitae mattis nibh ligula nec sem."
2019/11/17,0:29:43,shalwards,sgolsonc,"Cras mi pede, malesuada in, imperdiet et, commodo vulputate, justo."
2019/07/29,12:36:39,fsiemon8,dcapoun1k,Aliquam quis turpis eget elit sodales scelerisque.
2019/06/30,13:54:48,fshoard1y,oguiver16,Nulla facilisi.
2019/11/09,17:41:06,ttolcherg,stroutbeckm,Maecenas pulvinar lobortis est.
2020/01/03,0:01:33,qdigwoodk,nwraggs5,Mauris lacinia sapien quis libero.
2019/12/25,14:32:35,stroutbeckm,snusche4,Cras non velit nec nisi vulputate nonummy.
2019/12/13,6:14:16,aminet1j,stroutbeckm,Donec quis orci eget orci vehicula condimentum.
2019/07/09,15:41:29,dschelleo,qdigwoodk,Duis ac nibh.
2020/03/16,3:01:58,ekingswoode24,bslatford1q,Nulla ut erat id mauris vulputate elementum.
2020/04/07,19:13:26,itantum2g,itantum2g,Ut at dolor quis odio consequat varius.
2019/06/08,6:44:01,kjemmett27,wcarlan2b,In quis justo.
2020/04/03,19:07:26,bgarthside2k,cdigle21,Fusce posuere felis sed lacus.
2019/06/20,23:07:02,jmullenger2d,gclemendotn,Maecenas tincidunt lacus at velit.
2020/03/08,5:30:48,dschelleo,oguiver16,Pellentesque viverra pede ac diam.
2019/10/25,7:37:41,hstainerx,fsiemon8,"Duis bibendum, felis sed interdum venenatis, turpis enim blandit mi, in porttitor pede justo eu massa."
2019/12/21,21:04:20,jmullenger2d,bslatford1q,"In est risus, auctor sed, tristique in, tempus sit amet, sem."
2020/01/05,8:46:51,mhakeworth3,ohayer9,"Donec odio justo, sollicitudin ut, suscipit a, feugiat et, eros."
2019/08/08,23:50:37,brainer23,jgallandref,"Cras mi pede, malesuada in, imperdiet et, commodo vulputate, justo."
2020/01/04,9:26:54,hallicock2o,mstyle1a,Donec ut mauris eget massa tempor convallis.
2019/05/30,13:28:49,evicker18,kbolsover19,Integer tincidunt ante vel ipsum.
2019/07/21,8:04:52,brainer23,fshoard1y,Pellentesque viverra pede ac diam.
2019/11/04,9:15:43,oguiver16,cdigle21,Mauris ullamcorper purus sit amet nulla.
2019/05/12,5:23:08,agreenroydz,wbessettp,"Morbi vestibulum, velit id pretium iaculis, diam erat fermentum justo, nec condimentum neque sapien placerat ante."
2019/06/21,22:08:53,mpolamontayne1n,kbolsover19,Quisque ut erat.
2019/06/26,13:59:18,kespino6,dhearnshaw2l,Aenean fermentum.
2019/07/08,8:53:19,mmallows15,mnorthleighi,Pellentesque at nulla.
2019/11/27,9:14:03,zburnet2q,gclemendotn,Duis mattis egestas metus.
2019/11/19,12:13:18,pelsegood2r,wcarlan2b,In congue.
2020/01/16,14:47:11,mstyle1a,rleathers10,"In tempor, turpis nec euismod scelerisque, quam turpis adipiscing lorem, vitae mattis nibh ligula nec sem."
2019/10/18,23:55:35,ttolcherg,ttolcherg,Praesent blandit lacinia erat.
2019/07/17,9:51:13,gclemendotn,mknollesgreen2f,"Nulla neque libero, convallis eget, eleifend luctus, ultricies eu, nibh."
2020/01/28,5:03:24,nwraggs5,eoxenbury1z,"Fusce congue, diam id ornare imperdiet, sapien urna pretium nisl, ut volutpat sapien arcu sed augue."
2019/06/04,16:13:09,mrustedge1e,aminet1j,Quisque ut erat.
2020/01/29,7:45:59,pelsegood2r,mpolamontayne1n,"Cum sociis natoque penatibus et magnis dis parturient montes, nascetur ridiculus mus."
2019/10/01,14:23:45,agreenroydz,mnorthleighi,Pellentesque ultrices mattis odio.
2019/07/27,4:54:55,mbullcock1d,wfrounks1f,In hac habitasse platea dictumst.
2020/05/03,6:49:21,cduckinfield1i,ekingswoode24,"Maecenas tristique, est et tempus semper, est quam pharetra magna, ac consequat metus sapien ut nunc."
2020/04/14,11:09:02,aminet1j,fsiemon8,Phasellus in felis.
2019/09/19,11:26:19,gpomery1p,dschelleo,Vivamus tortor.
2019/09/27,15:35:16,uyurchishin1b,cbartoszek1m,Integer tincidunt ante vel ipsum.
2020/03/10,21:35:41,jmullenger2d,kmcgettigan1x,Quisque ut erat.
2019/05/21,10:29:58,wcarlan2b,mpolamontayne1n,"Lorem ipsum dolor sit amet, consectetuer adipiscing elit."
2019/08/14,13:08:12,stroutbeckm,pelsegood2r,"Nulla neque libero, convallis eget, eleifend luctus, ultricies eu, nibh."
2019/08/06,18:19:24,kmcgettigan1x,hallicock2o,Morbi vel lectus in quam fringilla rhoncus.
2019/08/09,18:38:06,dhearnshaw2l,hgolly13,Quisque id justo sit amet sapien dignissim vestibulum.
2020/01/16,15:42:41,awesthoferd,jpettkov,Morbi non quam nec dui luctus rutrum.
2020/04/03,21:21:20,vruprecht17,shalwards,Suspendisse potenti.
2019/08/02,6:21:15,scripps2a,rpretsel11,Curabitur convallis.
2019/07/13,12:34:00,nwraggs5,dblamphin1h,In hac habitasse platea dictumst.
2020/03/16,11:37:10,mbullcock1d,sfreke22,Pellentesque eget nunc.
2020/01/23,21:51:46,agreenroydz,kmcgettigan1x,Nam tristique tortor eu pede.
2019/08/27,20:58:39,kbaffin1s,cdigle21,Fusce posuere felis sed lacus.
2020/03/08,2:06:17,svasyutochkinj,mknollesgreen2f,Aenean lectus.
2020/05/04,4:46:55,ntotherr,sspyby1l,Morbi porttitor lorem id ligula.
2019/09/04,12:52:33,mrustedge1e,kbolsover19,Duis at velit eu est congue elementum.
2019/05/18,17:06:27,sspyby1l,wfrounks1f,In sagittis dui vel nisl.
2019/06/18,12:23:20,stroutbeckm,ekingswoode24,Morbi non quam nec dui luctus rutrum.
2019/07/04,0:55:07,dblamphin1h,fshoard1y,In eleifend quam a odio.
2019/07/20,20:16:52,vthurbornu,ekingswoode24,Duis ac nibh.
2019/08/30,21:23:03,kmcgettigan1x,mbullcock1d,Nam tristique tortor eu pede.
2020/04/08,1:57:38,sgolsonc,scripps2a,"Morbi odio odio, elementum eu, interdum eu, tincidunt in, leo."
2019/12/12,19:05:27,zburnet2q,kespino6,"Vestibulum quam sapien, varius ut, blandit non, interdum in, ante."
2020/04/24,18:47:36,vruprecht17,srobertacci28,Quisque ut erat.
2020/04/24,12:42:59,awesthoferd,wcreevyq,Vestibulum ante ipsum primis in faucibus orci luctus et ultrices posuere cubilia Curae; Mauris viverra diam vitae quam.
2019/08/19,23:06:18,shalwards,wcreevyq,Sed ante.
2020/04/16,17:09:44,bslatford1q,dblamphin1h,"Quisque erat eros, viverra eget, congue eget, semper rutrum, nulla."
2019/10/22,8:55:40,smccaughan29,crosborough1r,Donec vitae nisi.
2019/09/29,18:54:08,jmullenger2d,awesthoferd,In eleifend quam a odio.
2019/12/22,23:40:05,bslatford1q,bhunday1g,In quis justo.
2020/03/31,10:00:34,wblamey2h,kmcgettigan1x,Quisque ut erat.
2019/11/29,12:17:53,stroutbeckm,dblamphin1h,Integer ac leo.
2020/05/03,18:06:50,mrustedge1e,srobertacci28,Aliquam quis turpis eget elit sodales scelerisque.
2019/09/11,2:11:28,mbullcock1d,kbolsover19,"Vestibulum ante ipsum primis in faucibus orci luctus et ultrices posuere cubilia Curae; Donec pharetra, magna vestibulum aliquet ultrices, erat tortor sollicitudin mi, sit amet lobortis sapien sapien non mi."
2019/11/13,21:07:35,mhakeworth3,scripps2a,Vestibulum ante ipsum primis in faucibus orci luctus et ultrices posuere cubilia Curae; Duis faucibus accumsan odio.
2019/08/22,5:01:36,lpariss2c,fshoard1y,Aliquam sit amet diam in magna bibendum imperdiet.
2020/04/28,17:30:31,jgallandref,hfranckton1w,Suspendisse potenti.
2019/08/02,18:02:15,mrustedge1e,wcarlan2b,Nulla facilisi.
2019/09/01,3:47:37,zburnet2q,hallicock2o,Aliquam erat volutpat.
2019/10/30,0:41:05,fsiemon8,fsiemon8,Curabitur gravida nisi at nibh.
2019/12/20,20:05:50,rflindalll,lpariss2c,Donec ut mauris eget massa tempor convallis.
2019/08/27,12:13:32,bslatford1q,acrehan25,Suspendisse ornare consequat lectus.
2019/09/20,16:18:44,mknollesgreen2f,lpariss2c,Morbi ut odio.
2019/07/29,16:57:05,ozambonini7,nwraggs5,Quisque ut erat.
2019/10/29,11:05:19,vthurbornu,hallicock2o,Duis consequat dui nec nisi volutpat eleifend.
2019/07/13,11:43:10,gbaulch2,hallicock2o,Maecenas ut massa quis augue luctus tincidunt.
2019/07/26,5:31:50,dschelleo,lfullom2m,"Morbi odio odio, elementum eu, interdum eu, tincidunt in, leo."
2020/02/05,5:31:21,gdesborough1o,mknollesgreen2f,Proin eu mi.
2019/12/31,23:55:02,smccaughan29,mknollesgreen2f,Nulla nisl.
2019/07/25,7:10:25,jpettkov,kdavidsohna,Sed vel enim sit amet nunc viverra dapibus.
2020/03/29,16:41:12,kbabington1u,wcarlan2b,Suspendisse potenti.
2019/07/08,0:55:43,gbaulch2,vthurbornu,Nulla facilisi.
2019/08/26,2:18:05,kpagelsenw,cdigle21,Sed accumsan felis.
2020/02/08,17:21:09,jgallandref,rpretsel11,Etiam faucibus cursus urna.
