blasselle0,1906-03-23,0,cnatt0@biglobe.ne.jp,1A4MoXvByquFSodA58WQwcQg5Ldjecx45a,resources/default.jpg,"Lorem ipsum dolor sit amet, consectetuer adipiscing elit. Proin risus. Praesent lectus.",0
jjurgensen1,1976-02-29,0,fsivills1@liveinternet.ru,1LEGzq2Mak2nu4Fk7jHLKan7tRf6Pk34N,resources/default.jpg,"Donec diam neque, vestibulum eget, vulputate ut, ultrices vel, augue. Vestibulum ante ipsum primis in faucibus orci luctus et ultrices posuere cubilia Curae; Donec pharetra, magna vestibulum aliquet ultrices, erat tortor sollicitudin mi, sit amet lobortis sapien sapien non mi. Integer ac neque.",1
gbaulch2,1900-01-09,1,cromero2@soup.io,19P8X6yVzTbVdAqK43j2tQiBdUm9UFZd3G,resources/default.jpg,"Morbi non lectus. Aliquam sit amet diam in magna bibendum imperdiet. Nullam orci pede, venenatis non, sodales sed, tincidunt eu, felis.",1
mhakeworth3,1975-09-13,0,acave3@vkontakte.ru,1AfeCqW2cNw6cRgCJSqgdpaotMwhDx8gQL,resources/default.jpg,"Vestibulum ac est lacinia nisi venenatis tristique. Fusce congue, diam id ornare imperdiet, sapien urna pretium nisl, ut volutpat sapien arcu sed augue. Aliquam erat volutpat.",1
snusche4,1989-01-29,0,jcrewdson4@ebay.com,1Bhh1FrnNiw8FYTrbtYucU25sWoFeFoHB6,resources/default.jpg,"Proin leo odio, porttitor id, consequat in, consequat ut, nulla. Sed accumsan felis. Ut at dolor quis odio consequat varius.",1
nwraggs5,1903-08-19,1,lgammett5@de.vu,1ER3UApiTMLqA1DW7N7Mj6ej6rxzDR7vuj,resources/default.jpg,"Maecenas tristique, est et tempus semper, est quam pharetra magna, ac consequat metus sapien ut nunc. Vestibulum ante ipsum primis in faucibus orci luctus et ultrices posuere cubilia Curae; Mauris viverra diam vitae quam. Suspendisse potenti.",0
kespino6,1926-09-11,1,bpomery6@g.co,16d2VsurdSUX9Mfxzx8drTRjkCUBshorNc,resources/default.jpg,"Lorem ipsum dolor sit amet, consectetuer adipiscing elit. Proin risus. Praesent lectus.",0
ozambonini7,1927-08-13,1,sscollard7@e-recht24.de,1JgjYGozVFbZnxBTeYcXMqSGLZwa2PEWnj,resources/default.jpg,"Donec diam neque, vestibulum eget, vulputate ut, ultrices vel, augue. Vestibulum ante ipsum primis in faucibus orci luctus et ultrices posuere cubilia Curae; Donec pharetra, magna vestibulum aliquet ultrices, erat tortor sollicitudin mi, sit amet lobortis sapien sapien non mi. Integer ac neque.",0
fsiemon8,1978-01-10,1,tridler8@fastcompany.com,18T2S59W8H6FbN2ootAfoZcQ2jqHGfgAQM,resources/default.jpg,"Proin leo odio, porttitor id, consequat in, consequat ut, nulla. Sed accumsan felis. Ut at dolor quis odio consequat varius.",0
ohayer9,1904-09-26,1,kmatusovsky9@meetup.com,1897rinW8ci5ToN1kihynBDR3K8N9K1pnT,resources/default.jpg,"Sed sagittis. Nam congue, risus semper porta volutpat, quam pede lobortis ligula, sit amet eleifend pede libero quis orci. Nullam molestie nibh in lectus.",0
kdavidsohna,1924-04-29,1,fhusbandsa@uiuc.edu,1MypPVZJXLrKZaCwNve5srQdHCUB4A9wB,resources/default.jpg,"Cras mi pede, malesuada in, imperdiet et, commodo vulputate, justo. In blandit ultrices enim. Lorem ipsum dolor sit amet, consectetuer adipiscing elit.",0
aallbutb,1991-01-10,1,edesboroughb@ucoz.com,1NczFXF23u2yt74LaGMcokeRNRE51gvJhx,resources/default.jpg,"Vestibulum ac est lacinia nisi venenatis tristique. Fusce congue, diam id ornare imperdiet, sapien urna pretium nisl, ut volutpat sapien arcu sed augue. Aliquam erat volutpat.",0
sgolsonc,1982-04-26,0,enorthridgec@pcworld.com,1G9P86ohDDapkwBs7E1hahxCy4GqGGKhX8,resources/default.jpg,"Proin interdum mauris non ligula pellentesque ultrices. Phasellus id sapien in sapien iaculis congue. Vivamus metus arcu, adipiscing molestie, hendrerit at, vulputate vitae, nisl.",1
awesthoferd,1984-12-05,1,fmoyced@friendfeed.com,1JCWCebNQ6iZoRWHPTUpwM4z523RhZqy8X,resources/default.jpg,Sed ante. Vivamus tortor. Duis mattis egestas metus.,0
blinwoode,1981-03-15,0,equeripele@theglobeandmail.com,1FkqyJ4RhKtFdn4UxzzQe65uUx5tECyKp3,resources/default.jpg,Etiam vel augue. Vestibulum rutrum rutrum neque. Aenean auctor gravida sem.,1
jgallandref,1903-10-24,1,kcollcuttf@comsenz.com,13V5qh2azsGkqAM6XRLr3mXiHaKy45bYM8,resources/default.jpg,"Curabitur in libero ut massa volutpat convallis. Morbi odio odio, elementum eu, interdum eu, tincidunt in, leo. Maecenas pulvinar lobortis est.",1
ttolcherg,1995-12-07,0,clandsburyg@cpanel.net,159TPTr24ywWbSL5Tt5qFPJm1kTUfNqg2R,resources/default.jpg,"In hac habitasse platea dictumst. Morbi vestibulum, velit id pretium iaculis, diam erat fermentum justo, nec condimentum neque sapien placerat ante. Nulla justo.",1
jpunterh,1939-06-05,1,lworrellh@addtoany.com,1L6hyoKH61L4SFXu1RFyQHe2XJuNsVZPdF,resources/default.jpg,"Vestibulum quam sapien, varius ut, blandit non, interdum in, ante. Vestibulum ante ipsum primis in faucibus orci luctus et ultrices posuere cubilia Curae; Duis faucibus accumsan odio. Curabitur convallis.",0
mnorthleighi,1910-04-03,0,cparhami@newsvine.com,1HQm5h7UccadY6njXsf5qP8xZA17VuQ9zP,resources/default.jpg,"Proin eu mi. Nulla ac enim. In tempor, turpis nec euismod scelerisque, quam turpis adipiscing lorem, vitae mattis nibh ligula nec sem.",1
svasyutochkinj,1953-11-12,0,sblazdellj@theguardian.com,1FZyYfQ5ckhmZPQmwNMJambDVqHgopgvix,resources/default.jpg,"Aenean fermentum. Donec ut mauris eget massa tempor convallis. Nulla neque libero, convallis eget, eleifend luctus, ultricies eu, nibh.",1
qdigwoodk,1927-11-28,0,lmacfallk@addtoany.com,1MAWZsDF4VwQ9ttEEm2dLBdLWETbxYihjJ,resources/default.jpg,"Quisque id justo sit amet sapien dignissim vestibulum. Vestibulum ante ipsum primis in faucibus orci luctus et ultrices posuere cubilia Curae; Nulla dapibus dolor vel est. Donec odio justo, sollicitudin ut, suscipit a, feugiat et, eros.",1
rflindalll,1961-02-20,0,sminifiel@intel.com,1NP9Z4cDBMn5hXwivxrvpCkxphYHeZ7M9P,resources/default.jpg,Suspendisse potenti. In eleifend quam a odio. In hac habitasse platea dictumst.,1
stroutbeckm,1916-10-25,0,emcclintockm@xinhuanet.com,13UP46yXnANZLdSfaSUirK2A8C873rVtkF,resources/default.jpg,Cras non velit nec nisi vulputate nonummy. Maecenas tincidunt lacus at velit. Vivamus vel nulla eget eros elementum pellentesque.,0
gclemendotn,1945-05-23,0,lgabbattn@goo.gl,1LrpWXjDfqDQ821UCf5NJzSjypePQ3T2F7,resources/default.jpg,Phasellus in felis. Donec semper sapien a libero. Nam dui.,1
dschelleo,1982-11-04,1,njanczako@ning.com,13Atuo3fYTM7emD5a8Qo8BuKymLwT5zh3q,resources/default.jpg,"Aenean fermentum. Donec ut mauris eget massa tempor convallis. Nulla neque libero, convallis eget, eleifend luctus, ultricies eu, nibh.",0
wbessettp,1962-08-03,1,aparsallp@dedecms.com,1Ng9e8cjcSyKkFRptXvvJDqJffnKsDQTwC,resources/default.jpg,"Vestibulum quam sapien, varius ut, blandit non, interdum in, ante. Vestibulum ante ipsum primis in faucibus orci luctus et ultrices posuere cubilia Curae; Duis faucibus accumsan odio. Curabitur convallis.",0
wcreevyq,1985-11-09,1,bmoloneyq@dmoz.org,1FUj1uc1fS5jq4MW5i7sw7vRHsCgp17Eeq,resources/default.jpg,Aenean lectus. Pellentesque eget nunc. Donec quis orci eget orci vehicula condimentum.,0
ntotherr,1922-10-17,0,rharnettr@kickstarter.com,1Pj7GZLnz6MrU6sogLvdCUUcXks57FD7wx,resources/default.jpg,"Lorem ipsum dolor sit amet, consectetuer adipiscing elit. Proin risus. Praesent lectus.",1
shalwards,1970-11-19,0,mkachs@wunderground.com,15Uz1YbRWrswMtFApHUupbZJz9umykDMRa,resources/default.jpg,"Curabitur at ipsum ac tellus semper interdum. Mauris ullamcorper purus sit amet nulla. Quisque arcu libero, rutrum ac, lobortis vel, dapibus at, diam.",1
ztosdevint,1949-12-10,1,aforant@phpbb.com,1D1a1VvipnoXw4ee8g3hg39R12zTvQVn4Y,resources/default.jpg,"Fusce posuere felis sed lacus. Morbi sem mauris, laoreet ut, rhoncus aliquet, pulvinar sed, nisl. Nunc rhoncus dui vel sem.",1
vthurbornu,1936-05-20,1,hrumboldu@wikimedia.org,1PZto523XVsERB5wqvqP4ZoZA1TXneaPvv,resources/default.jpg,"Morbi non lectus. Aliquam sit amet diam in magna bibendum imperdiet. Nullam orci pede, venenatis non, sodales sed, tincidunt eu, felis.",1
jpettkov,1958-09-27,0,wcullefordv@sohu.com,1Dkf1co85K7CzPmFVswR1k4vFZbHsranHK,resources/default.jpg,Praesent id massa id nisl venenatis lacinia. Aenean sit amet justo. Morbi ut odio.,0
kpagelsenw,1930-02-16,1,nnowakowskiw@unc.edu,1AgfZ8WMKFn1iP736jJDYEivxg598iqZSb,resources/default.jpg,Fusce consequat. Nulla nisl. Nunc nisl.,1
hstainerx,1959-11-15,0,craistonx@goodreads.com,1E8Ui82zFNt4gGM1D6wvGczE2uhZ2pCpxA,resources/default.jpg,"Maecenas leo odio, condimentum id, luctus nec, molestie sed, justo. Pellentesque viverra pede ac diam. Cras pellentesque volutpat dui.",1
pgaukrodgey,1935-08-05,1,wwignally@dion.ne.jp,1DUavxY8qi1ffeVjYqhdNp8jLDkoXENRHq,resources/default.jpg,Aenean lectus. Pellentesque eget nunc. Donec quis orci eget orci vehicula condimentum.,0
agreenroydz,1975-10-21,0,jgowlingz@redcross.org,154bChM7H5gFpXEgWEKxeYKxZbtBPRQiSf,resources/default.jpg,"Duis bibendum, felis sed interdum venenatis, turpis enim blandit mi, in porttitor pede justo eu massa. Donec dapibus. Duis at velit eu est congue elementum.",1
rleathers10,2000-04-08,1,nfrickey10@economist.com,1ECbiRpuxvoAeZdYSssES2QUk7NBvJ9LrU,resources/default.jpg,"Sed sagittis. Nam congue, risus semper porta volutpat, quam pede lobortis ligula, sit amet eleifend pede libero quis orci. Nullam molestie nibh in lectus.",0
rpretsel11,1903-04-17,1,adrewet11@altervista.org,167Jbip8Wv5HQo6tDv4x5a5NpcvfWj8KTg,resources/default.jpg,"Quisque porta volutpat erat. Quisque erat eros, viverra eget, congue eget, semper rutrum, nulla. Nunc purus.",0
cbouda12,1909-08-30,1,mvanschafflaer12@europa.eu,1KbTNBbkDLWPr9aTdUjhfKLu13CAKhdoXX,resources/default.jpg,"Curabitur in libero ut massa volutpat convallis. Morbi odio odio, elementum eu, interdum eu, tincidunt in, leo. Maecenas pulvinar lobortis est.",1
hgolly13,1966-08-31,0,mmaddison13@aboutads.info,1CM8rCzrAjTVBXN7jqkicMP9NNAkwtzFNq,resources/default.jpg,"Vestibulum ac est lacinia nisi venenatis tristique. Fusce congue, diam id ornare imperdiet, sapien urna pretium nisl, ut volutpat sapien arcu sed augue. Aliquam erat volutpat.",0
nmckeevers14,1992-07-28,1,rsatford14@lycos.com,1CSGzKh8DBvpEMhJP7bq1HgHgjv9WEf3WP,resources/default.jpg,Integer tincidunt ante vel ipsum. Praesent blandit lacinia erat. Vestibulum sed magna at nunc commodo placerat.,0
mmallows15,1965-09-07,1,ohillett15@upenn.edu,18cp2ixdumXeyaCTzsVnGcKDjqSMq1Unqn,resources/default.jpg,"Nam ultrices, libero non mattis pulvinar, nulla pede ullamcorper augue, a suscipit nulla elit ac nulla. Sed vel enim sit amet nunc viverra dapibus. Nulla suscipit ligula in lacus.",0
oguiver16,1976-08-14,1,lfarris16@last.fm,1CciyEw3sYiRkH8GRZRAao5urGcqGsfW1g,resources/default.jpg,"Mauris enim leo, rhoncus sed, vestibulum sit amet, cursus id, turpis. Integer aliquet, massa id lobortis convallis, tortor risus dapibus augue, vel accumsan tellus nisi eu orci. Mauris lacinia sapien quis libero.",1
vruprecht17,1902-08-22,1,ocicci17@twitter.com,17vJF7RhGrzewGS4BFE97Wy4jue1rYFQhQ,resources/default.jpg,"In hac habitasse platea dictumst. Morbi vestibulum, velit id pretium iaculis, diam erat fermentum justo, nec condimentum neque sapien placerat ante. Nulla justo.",1
evicker18,1994-02-15,0,dstodd18@hugedomains.com,1MHz38oCnhupBwgAnhMDGKsK9eXntJejQU,resources/default.jpg,"Maecenas tristique, est et tempus semper, est quam pharetra magna, ac consequat metus sapien ut nunc. Vestibulum ante ipsum primis in faucibus orci luctus et ultrices posuere cubilia Curae; Mauris viverra diam vitae quam. Suspendisse potenti.",1
kbolsover19,1936-12-24,0,feastham19@addtoany.com,1PBukh7ZrxQwTQ8cKH5rckWU1CMjbVpyXB,resources/default.jpg,Sed ante. Vivamus tortor. Duis mattis egestas metus.,1
mstyle1a,1978-05-27,0,tbolderstone1a@php.net,1AD2dDb5PSqX4cWaH6We3ghgpiXB51xwhM,resources/default.jpg,Duis bibendum. Morbi non quam nec dui luctus rutrum. Nulla tellus.,0
uyurchishin1b,1975-07-29,0,kenterlein1b@tamu.edu,1PwMd8CjNarW2x8Rnrg16KxtRpRrZSmhV3,resources/default.jpg,In quis justo. Maecenas rhoncus aliquam lacus. Morbi quis tortor id nulla ultrices aliquet.,1
boflannery1c,1960-06-07,0,afoulks1c@gmpg.org,1E71aEKQuW3NVxALq5QzWFTnaAtrvq4xPP,resources/default.jpg,"Quisque id justo sit amet sapien dignissim vestibulum. Vestibulum ante ipsum primis in faucibus orci luctus et ultrices posuere cubilia Curae; Nulla dapibus dolor vel est. Donec odio justo, sollicitudin ut, suscipit a, feugiat et, eros.",1
mbullcock1d,1951-12-28,0,asaunton1d@mysql.com,1KzATzv1cSHFn21u9y9yeNrG1hstKpVTZ8,resources/default.jpg,"Vestibulum ac est lacinia nisi venenatis tristique. Fusce congue, diam id ornare imperdiet, sapien urna pretium nisl, ut volutpat sapien arcu sed augue. Aliquam erat volutpat.",0
mrustedge1e,1938-04-29,0,dloder1e@deliciousdays.com,1CR7UH42ex87BsVZ7w78dsxf4bVeK9QYHk,resources/default.jpg,"Lorem ipsum dolor sit amet, consectetuer adipiscing elit. Proin risus. Praesent lectus.",1
wfrounks1f,1971-10-14,1,rmackibbon1f@yahoo.co.jp,18ahnVvnKLewpx3RJXmyXCFfx6aTbMVkPK,resources/default.jpg,Maecenas ut massa quis augue luctus tincidunt. Nulla mollis molestie lorem. Quisque ut erat.,0
bhunday1g,1980-12-21,1,tscotchmoor1g@indiatimes.com,1Ahf9QaAULVXrysHxs7V4niJjeG4RSuWCm,resources/default.jpg,"Quisque porta volutpat erat. Quisque erat eros, viverra eget, congue eget, semper rutrum, nulla. Nunc purus.",0
dblamphin1h,1970-03-28,1,nduckerin1h@oracle.com,1AfhvpYfiHcAF22HWUG43pjs3NZAbpJtEH,resources/default.jpg,Phasellus in felis. Donec semper sapien a libero. Nam dui.,1
cduckinfield1i,1945-04-13,1,zandersch1i@xing.com,12btACtQicJgybqpshwWDqRKHS9b1183TN,resources/default.jpg,Integer tincidunt ante vel ipsum. Praesent blandit lacinia erat. Vestibulum sed magna at nunc commodo placerat.,1
aminet1j,1925-05-27,1,bshinner1j@yahoo.co.jp,16EUdbf1C3tD36VC5NPdJthbD4iwdPUDBM,resources/default.jpg,"In hac habitasse platea dictumst. Morbi vestibulum, velit id pretium iaculis, diam erat fermentum justo, nec condimentum neque sapien placerat ante. Nulla justo.",0
dcapoun1k,1986-10-27,0,jciccottini1k@smh.com.au,18t97eX6pLX3FbTWJYqRhJiL9FK46Aq4JY,resources/default.jpg,"Donec diam neque, vestibulum eget, vulputate ut, ultrices vel, augue. Vestibulum ante ipsum primis in faucibus orci luctus et ultrices posuere cubilia Curae; Donec pharetra, magna vestibulum aliquet ultrices, erat tortor sollicitudin mi, sit amet lobortis sapien sapien non mi. Integer ac neque.",1
sspyby1l,1975-10-30,0,cdyde1l@google.ca,1FN2gov2vEoYr3Lm1WLdH8jniByL3ZAwbX,resources/default.jpg,"Lorem ipsum dolor sit amet, consectetuer adipiscing elit. Proin risus. Praesent lectus.",1
cbartoszek1m,1908-08-03,0,zbenettini1m@amazon.co.jp,115i545CKEj1sfSVSa6VBam8UEtUQNy281,resources/default.jpg,Integer ac leo. Pellentesque ultrices mattis odio. Donec vitae nisi.,1
mpolamontayne1n,1958-10-12,0,kkobes1n@moonfruit.com,1BKX1mH9yRqzBMANA2PiTNSKVRyggnTzZR,resources/default.jpg,In congue. Etiam justo. Etiam pretium iaculis justo.,1
gdesborough1o,1968-12-28,1,kmckerlie1o@imgur.com,1DPUMamqPGg66Kr7pRE6RvfmAJigUKdw5d,resources/default.jpg,"Aenean fermentum. Donec ut mauris eget massa tempor convallis. Nulla neque libero, convallis eget, eleifend luctus, ultricies eu, nibh.",1
gpomery1p,1920-06-27,1,jludee1p@wsj.com,1GhuPoBPmh1eYhkp81oqYVXB44YE5gmwDq,resources/default.jpg,"Curabitur in libero ut massa volutpat convallis. Morbi odio odio, elementum eu, interdum eu, tincidunt in, leo. Maecenas pulvinar lobortis est.",1
bslatford1q,1996-11-16,0,cpiche1q@discuz.net,19eGcw5N49e6q5HnbvrQiTvPgZePwmyFVw,resources/default.jpg,Maecenas ut massa quis augue luctus tincidunt. Nulla mollis molestie lorem. Quisque ut erat.,0
crosborough1r,1951-11-20,1,edarey1r@tamu.edu,1E1xL2d1BJEgUAYb1dUWu3dzidQHwjbDq5,resources/default.jpg,Integer ac leo. Pellentesque ultrices mattis odio. Donec vitae nisi.,0
kbaffin1s,1987-09-29,1,rgeary1s@nhs.uk,18nBwXgT1EuhEo56uiFSRSypnkQTyLeffY,resources/default.jpg,Suspendisse potenti. In eleifend quam a odio. In hac habitasse platea dictumst.,1
dpeart1t,1949-06-22,0,alivingston1t@deliciousdays.com,12ETwqMTyrjBHgRgiwv1doEvw9rqHAyE9P,resources/default.jpg,Nullam sit amet turpis elementum ligula vehicula consequat. Morbi a ipsum. Integer a nibh.,0
kbabington1u,1916-02-16,1,tlabusch1u@hhs.gov,1QFyr5zJ1nuN7tsWfPNDw7iBcFSLASHshD,resources/default.jpg,"Curabitur at ipsum ac tellus semper interdum. Mauris ullamcorper purus sit amet nulla. Quisque arcu libero, rutrum ac, lobortis vel, dapibus at, diam.",0
mdwane1v,1951-12-22,0,pblodgett1v@shinystat.com,1ApYBw4ST44rnfMSQ1V63DjN7JVfnYni3h,resources/default.jpg,Etiam vel augue. Vestibulum rutrum rutrum neque. Aenean auctor gravida sem.,0
hfranckton1w,1970-12-03,0,fmathieu1w@topsy.com,1N2UMx9vT1xkr3yh3e4TP6bGysFgqdefcS,resources/default.jpg,"Nam ultrices, libero non mattis pulvinar, nulla pede ullamcorper augue, a suscipit nulla elit ac nulla. Sed vel enim sit amet nunc viverra dapibus. Nulla suscipit ligula in lacus.",0
kmcgettigan1x,1920-08-24,0,ipead1x@wufoo.com,1KTsV1Vkts23Qd8tFd1noZTGVg3ommUup,resources/default.jpg,"Quisque porta volutpat erat. Quisque erat eros, viverra eget, congue eget, semper rutrum, nulla. Nunc purus.",1
fshoard1y,1979-10-31,1,kwinfrey1y@businessweek.com,1CYiHUrJFnvfTknmXx5LrZwmj6E2gC1iP6,resources/default.jpg,Maecenas ut massa quis augue luctus tincidunt. Nulla mollis molestie lorem. Quisque ut erat.,1
eoxenbury1z,1986-04-25,1,ogier1z@livejournal.com,1Fi2DM818auMn87najd82ShnmTMySRSuqn,resources/default.jpg,"In sagittis dui vel nisl. Duis ac nibh. Fusce lacus purus, aliquet at, feugiat non, pretium quis, lectus.",1
gsquibe20,1973-05-30,0,pwelling20@mysql.com,13uSbzDUFhqvt7gwcTYZDhpAF3QVNnpLVF,resources/default.jpg,"Maecenas tristique, est et tempus semper, est quam pharetra magna, ac consequat metus sapien ut nunc. Vestibulum ante ipsum primis in faucibus orci luctus et ultrices posuere cubilia Curae; Mauris viverra diam vitae quam. Suspendisse potenti.",0
cdigle21,1932-03-24,0,cferie21@chicagotribune.com,1MEkGvFgL1smFq6st9aTYiFrgWXtJyTwy3,resources/default.jpg,Nullam porttitor lacus at turpis. Donec posuere metus vitae ipsum. Aliquam non mauris.,0
sfreke22,1900-03-10,0,jfleote22@wikipedia.org,1LGotu6WoLr4pmE4vEAV92VKmRPKctQwCA,resources/default.jpg,"Proin interdum mauris non ligula pellentesque ultrices. Phasellus id sapien in sapien iaculis congue. Vivamus metus arcu, adipiscing molestie, hendrerit at, vulputate vitae, nisl.",1
brainer23,1918-11-20,0,ddouglas23@de.vu,1sdoP72VRpVLS15Dg4EmuQiAZyiZ8spKC,resources/default.jpg,"In hac habitasse platea dictumst. Morbi vestibulum, velit id pretium iaculis, diam erat fermentum justo, nec condimentum neque sapien placerat ante. Nulla justo.",0
ekingswoode24,1919-08-08,1,jheyburn24@ezinearticles.com,1PHLxJ5DCrfnHWj5eor18MKe6bZZBpdYXw,resources/default.jpg,"Proin leo odio, porttitor id, consequat in, consequat ut, nulla. Sed accumsan felis. Ut at dolor quis odio consequat varius.",0
acrehan25,1951-11-14,0,mdymick25@dedecms.com,14sGVeAsERK3kqnhECXvAXQEtSVBpKANz3,resources/default.jpg,Cras non velit nec nisi vulputate nonummy. Maecenas tincidunt lacus at velit. Vivamus vel nulla eget eros elementum pellentesque.,0
sleyshon26,1928-05-12,1,mwestern26@paypal.com,1AAckTvsVr7GCcj8Me36z78eAwgHGDmaGP,resources/default.jpg,"Cras mi pede, malesuada in, imperdiet et, commodo vulputate, justo. In blandit ultrices enim. Lorem ipsum dolor sit amet, consectetuer adipiscing elit.",0
kjemmett27,1978-03-14,1,pwhitley27@sciencedirect.com,1KmdjvpnX2ZK9zLtisptSXhQjAKMouHUzZ,resources/default.jpg,Phasellus sit amet erat. Nulla tempus. Vivamus in felis eu sapien cursus vestibulum.,1
srobertacci28,1908-09-21,1,vtrillo28@istockphoto.com,1LMoDQjPQ2EsZa7KSKEieriXxV8NS9Virs,resources/default.jpg,"Curabitur in libero ut massa volutpat convallis. Morbi odio odio, elementum eu, interdum eu, tincidunt in, leo. Maecenas pulvinar lobortis est.",0
smccaughan29,1948-04-27,1,lmeaker29@nydailynews.com,1H4YwxM6wTsTnLMg6xqMDwjJTZfZXKAQAu,resources/default.jpg,"Donec diam neque, vestibulum eget, vulputate ut, ultrices vel, augue. Vestibulum ante ipsum primis in faucibus orci luctus et ultrices posuere cubilia Curae; Donec pharetra, magna vestibulum aliquet ultrices, erat tortor sollicitudin mi, sit amet lobortis sapien sapien non mi. Integer ac neque.",1
scripps2a,1963-09-29,0,gbachelar2a@themeforest.net,1EMzGh7AU37VeYPPhLAnrxQWPrAyzctQc5,resources/default.jpg,"Morbi porttitor lorem id ligula. Suspendisse ornare consequat lectus. In est risus, auctor sed, tristique in, tempus sit amet, sem.",0
wcarlan2b,1922-02-19,1,jpinnere2b@constantcontact.com,1LLQFYhAnmUZRNyRbYVDnSWVddiN2cNSFc,resources/default.jpg,In congue. Etiam justo. Etiam pretium iaculis justo.,0
lpariss2c,1971-12-16,1,fweatherill2c@narod.ru,1A9u8i9aXTDhXwjjpvibGMjaPQk2NYZQTm,resources/default.jpg,Integer ac leo. Pellentesque ultrices mattis odio. Donec vitae nisi.,0
jmullenger2d,1999-06-01,1,pbeglin2d@archive.org,12JWRvtLDp1LxN5d545fWi9shyreC6hVdi,resources/default.jpg,"Donec diam neque, vestibulum eget, vulputate ut, ultrices vel, augue. Vestibulum ante ipsum primis in faucibus orci luctus et ultrices posuere cubilia Curae; Donec pharetra, magna vestibulum aliquet ultrices, erat tortor sollicitudin mi, sit amet lobortis sapien sapien non mi. Integer ac neque.",1
mstoile2e,1904-12-21,1,ggealle2e@gizmodo.com,1GJ9wWfCZNLctXnWiMZDgzSDn1vnQm9su5,resources/default.jpg,Duis bibendum. Morbi non quam nec dui luctus rutrum. Nulla tellus.,1
mknollesgreen2f,1997-11-25,1,cconeron2f@examiner.com,1PQZqX7PZudJA2yYNLnN1T6Evoso492xM1,resources/default.jpg,"Lorem ipsum dolor sit amet, consectetuer adipiscing elit. Proin risus. Praesent lectus.",0
itantum2g,1924-09-25,1,ksimonetto2g@wikipedia.org,163cPfQLbA3i5Y3soYmMrz6rMJAeA9v1NB,resources/default.jpg,Nullam sit amet turpis elementum ligula vehicula consequat. Morbi a ipsum. Integer a nibh.,1
wblamey2h,1927-01-12,1,dwadie2h@51.la,1H1EJ4qzZFVBcoLz9vvBnXBJkLU3pjMudS,resources/default.jpg,"Vestibulum ac est lacinia nisi venenatis tristique. Fusce congue, diam id ornare imperdiet, sapien urna pretium nisl, ut volutpat sapien arcu sed augue. Aliquam erat volutpat.",0
fshade2i,1984-05-23,0,tschoenfisch2i@bravesites.com,1AXKUbNmQG6ocs2ymGabiyYRPtoAjW6gRL,resources/default.jpg,"Quisque id justo sit amet sapien dignissim vestibulum. Vestibulum ante ipsum primis in faucibus orci luctus et ultrices posuere cubilia Curae; Nulla dapibus dolor vel est. Donec odio justo, sollicitudin ut, suscipit a, feugiat et, eros.",1
fmurfin2j,1993-10-09,0,mclohisey2j@statcounter.com,17m3UwrComVZQ2d4CNKyB5xHUmiaCAMMvh,resources/default.jpg,Nulla ut erat id mauris vulputate elementum. Nullam varius. Nulla facilisi.,0
bgarthside2k,1967-08-28,0,abedingfield2k@omniture.com,197dA3v8VwFA4vuJNdxbhfsmz5NsTcXYce,resources/default.jpg,"Vestibulum ac est lacinia nisi venenatis tristique. Fusce congue, diam id ornare imperdiet, sapien urna pretium nisl, ut volutpat sapien arcu sed augue. Aliquam erat volutpat.",1
dhearnshaw2l,1900-08-04,1,abridden2l@weather.com,134JRoVDYWcWeWFcCx9U8h2HuWdBu4tePH,resources/default.jpg,"Proin interdum mauris non ligula pellentesque ultrices. Phasellus id sapien in sapien iaculis congue. Vivamus metus arcu, adipiscing molestie, hendrerit at, vulputate vitae, nisl.",0
lfullom2m,1912-11-15,0,yvearncomb2m@redcross.org,1L9SxzQdypoBvfuBmh255gbbmpYzKWT2yq,resources/default.jpg,"Quisque porta volutpat erat. Quisque erat eros, viverra eget, congue eget, semper rutrum, nulla. Nunc purus.",1
pgot2n,1967-04-29,0,jgareisr2n@shop-pro.jp,1GGovtYyPeXXhdT2BuefcUBYACb3vACLH3,resources/default.jpg,Sed ante. Vivamus tortor. Duis mattis egestas metus.,0
hallicock2o,1938-01-21,1,mdurbin2o@pagesperso-orange.fr,1Kzh6Hs2JPbfJ9uWphAvEFvePi7k652buc,resources/default.jpg,"Vestibulum ac est lacinia nisi venenatis tristique. Fusce congue, diam id ornare imperdiet, sapien urna pretium nisl, ut volutpat sapien arcu sed augue. Aliquam erat volutpat.",0
bgoter2p,1979-09-19,0,panear2p@yolasite.com,1B1Z9aA4wthF2PEC2VCYVpaoMPy88UnhCs,resources/default.jpg,"Maecenas leo odio, condimentum id, luctus nec, molestie sed, justo. Pellentesque viverra pede ac diam. Cras pellentesque volutpat dui.",1
zburnet2q,1927-01-06,1,gbaus2q@dailymail.co.uk,1MqN3npmhxsdXYgGWS1Gy8iQ6oNTYjjz1Q,resources/default.jpg,"Morbi non lectus. Aliquam sit amet diam in magna bibendum imperdiet. Nullam orci pede, venenatis non, sodales sed, tincidunt eu, felis.",0
pelsegood2r,1918-12-03,1,ctregea2r@desdev.cn,1HYGposnPEMsuYwPKh77BixWyz2JWmGqep,resources/default.jpg,"Donec diam neque, vestibulum eget, vulputate ut, ultrices vel, augue. Vestibulum ante ipsum primis in faucibus orci luctus et ultrices posuere cubilia Curae; Donec pharetra, magna vestibulum aliquet ultrices, erat tortor sollicitudin mi, sit amet lobortis sapien sapien non mi. Integer ac neque.",0
